Workbook

Sheet README
B1: Salesforce Admin Dashboard: cleaned rebuild
B2: Cleaned file: real names, figures and records replaced with synthetic data of the same structure.
B4: What this file does
B6: Scores the open general opportunities for the current quarter on five data quality checks, region by region, and turns each region into one word: REVIEW or FAIR. It replaced a monthly manual sweep of raw Salesforce exports. This copy runs on synthetic opportunities with the same tabs, columns and formulas.
B7: The five checks
B9: • Unassigned forecast category (red flag above 20%).
B10: • Missing forecast technology MRR (review above 15%).
B11: • Missing billing address (review above 10%).
B12: • Missing billing address and BP ID together (review above 5%).
B13: • Close date already in the past (stale pipeline above 5%).
B14: Tabs
B16: • Open General Opps CFY: the Salesforce extract. SAP Region comes from the office through the lookup table; six flag columns score every row.
... B27: All accounts, owners, IDs, BP IDs, addresses and values are invented.

Sheet Summary Metrics
A1: Summary metrics
A3: Current Quarter | B3: ='SFDC Admin Dashboard'!B4 -> Q3-2025
A8: Region | B8: Total opps | C8: % missing forecast category | D8: % missing forecast tech MRR | E8: % missing address | F8: % missing address and BP ID | G8: % past close dates | H8: Attention needed
A9: NA | B9: ='SFDC Admin Dashboard'!B8 -> 21 | C9: ='SFDC Admin Dashboard'!D8 -> 0.14285714 | D9: ='SFDC Admin Dashboard'!D32 -> 0.047619048 | E9: ='SFDC Admin Dashboard'!D44 -> 0.42857143 | F9: ='SFDC Admin Dashboard'!F44 -> 0.33333333 | G9: ='SFDC Admin Dashboard'!D56 -> 0.047619048 | H9: =IF(OR(C9>20%,D9>15%,E9>10%,F9>5%,G9>5%),"REVIEW","FAIR") -> REVIEW
A10: LATAM | B10: ='SFDC Admin Dashboard'!B9 -> 14 | C10: ='SFDC Admin Dashboard'!D9 -> 0.21428571 | D10: ='SFDC Admin Dashboard'!D33 -> 0.071428571 | E10: ='SFDC Admin Dashboard'!D45 -> 0.78571429 | F10: ='SFDC Admin Dashboard'!F45 -> 0.35714286 | G10: ='SFDC Admin Dashboard'!D57 -> 0.071428571 | H10: =IF(OR(C10>20%,D10>15%,E10>10%,F10>5%,G10>5%),"REVIEW","FAIR") -> REVIEW
A11: EMEA N | B11: ='SFDC Admin Dashboard'!B10 -> 32 | C11: ='SFDC Admin Dashboard'!D10 -> 0.03125 | D11: ='SFDC Admin Dashboard'!D34 -> 0.09375 | E11: ='SFDC Admin Dashboard'!D46 -> 0 | F11: ='SFDC Admin Dashboard'!F46 -> 0 | G11: ='SFDC Admin Dashboard'!D58 -> 0 | H11: =IF(OR(C11>20%,D11>15%,E11>10%,F11>5%,G11>5%),"REVIEW","FAIR") -> FAIR
A12: EMEA S | B12: ='SFDC Admin Dashboard'!B11 -> 11 | C12: ='SFDC Admin Dashboard'!D11 -> 0.090909091 | D12: ='SFDC Admin Dashboard'!D35 -> 0.18181818 | E12: ='SFDC Admin Dashboard'!D47 -> 0 | F12: ='SFDC Admin Dashboard'!F47 -> 0 | G12: ='SFDC Admin Dashboard'!D59 -> 0 | H12: =IF(OR(C12>20%,D12>15%,E12>10%,F12>5%,G12>5%),"REVIEW","FAIR") -> REVIEW
A13: MEE | B13: ='SFDC Admin Dashboard'!B12 -> 19 | C13: ='SFDC Admin Dashboard'!D12 -> 0.052631579 | D13: ='SFDC Admin Dashboard'!D36 -> 0.052631579 | E13: ='SFDC Admin Dashboard'!D48 -> 0.63157895 | F13: ='SFDC Admin Dashboard'!F48 -> 0.26315789 | G13: ='SFDC Admin Dashboard'!D60 -> 0.31578947 | H13: =IF(OR(C13>20%,D13>15%,E13>10%,F13>5%,G13>5%),"REVIEW","FAIR") -> REVIEW
A14: APJ | B14: ='SFDC Admin Dashboard'!B13 -> 8 | C14: ='SFDC Admin Dashboard'!D13 -> 0 | D14: ='SFDC Admin Dashboard'!D37 -> 0.125 | E14: ='SFDC Admin Dashboard'!D49 -> 0 | F14: ='SFDC Admin Dashboard'!F49 -> 0 | G14: ='SFDC Admin Dashboard'!D61 -> 0 | H14: =IF(OR(C14>20%,D14>15%,E14>10%,F14>5%,G14>5%),"REVIEW","FAIR") -> FAIR
A15: GCN | B15: ='SFDC Admin Dashboard'!B14 -> 10 | C15: ='SFDC Admin Dashboard'!D14 -> 0.1 | D15: ='SFDC Admin Dashboard'!D38 -> 0.1 | E15: ='SFDC Admin Dashboard'!D50 -> 1 | F15: ='SFDC Admin Dashboard'!F50 -> 0.3 | G15: ='SFDC Admin Dashboard'!D62 -> 0 | H15: =IF(OR(C15>20%,D15>15%,E15>10%,F15>5%,G15>5%),"REVIEW","FAIR") -> REVIEW
A16: Global | B16: ='SFDC Admin Dashboard'!B15 -> 115 | C16: ='SFDC Admin Dashboard'!D15 -> 0.086956522 | D16: ='SFDC Admin Dashboard'!D39 -> 0.086956522 | E16: ='SFDC Admin Dashboard'!D51 -> 0.36521739 | F16: ='SFDC Admin Dashboard'!F51 -> 0.17391304 | G16: ='SFDC Admin Dashboard'!D63 -> 0.069565217 | H16: =IF(OR(C16>20%,D16>15%,E16>10%,F16>5%,G16>5%),"REVIEW","FAIR") -> REVIEW
A19: This table shows data quality and forecast readiness for each region in the selected quarter, so sales and revenue operations can see where to act first.
A20: % missing forecast category: above 20% is a red flag.
A21: % missing forecast tech MRR: above 15% needs review.
A22: % missing address: above 10% reduces conversion confidence. Address and BP ID together: above 5%.
A23: % past close dates: above 5% suggests stale pipeline.
A24: REVIEW means a revenue operations or sales manager needs to act now. FAIR means the region is inside every threshold.

Sheet SFDC Admin Dashboard
A2: =B4&" NBS SFDC ADMIN DASHBOARD" -> Q3-2025 NBS SFDC ADMIN DASHBOARD
A4: Current Quarter | B4: Q3-2025
A6: Open opportunities per forecast category
A7: Region | B7: Total open general opps | C7: Unassigned forecast | D7: % unassigned forecast
A8: NA | B8: =COUNTIFS('Open General Opps CFY'!$C$2:$C$142,$A8,'Open General Opps CFY'!$I$2:$I$142,$B$4) -> 21 | C8: =COUNTIFS('Open General Opps CFY'!$C$2:$C$142,$A8,'Open General Opps CFY'!$I$2:$I$142,$B$4,'Open General Opps CFY'!$P$2:$P$142,1) -> 3 | D8: =IF(B8=0,0,C8/B8) -> 0.14285714
A9: LATAM | B9: =COUNTIFS('Open General Opps CFY'!$C$2:$C$142,$A9,'Open General Opps CFY'!$I$2:$I$142,$B$4) -> 14 | C9: =COUNTIFS('Open General Opps CFY'!$C$2:$C$142,$A9,'Open General Opps CFY'!$I$2:$I$142,$B$4,'Open General Opps CFY'!$P$2:$P$142,1) -> 3 | D9: =IF(B9=0,0,C9/B9) -> 0.21428571
A10: EMEA N | B10: =COUNTIFS('Open General Opps CFY'!$C$2:$C$142,$A10,'Open General Opps CFY'!$I$2:$I$142,$B$4) -> 32 | C10: =COUNTIFS('Open General Opps CFY'!$C$2:$C$142,$A10,'Open General Opps CFY'!$I$2:$I$142,$B$4,'Open General Opps CFY'!$P$2:$P$142,1) -> 1 | D10: =IF(B10=0,0,C10/B10) -> 0.03125
A11: EMEA S | B11: =COUNTIFS('Open General Opps CFY'!$C$2:$C$142,$A11,'Open General Opps CFY'!$I$2:$I$142,$B$4) -> 11 | C11: =COUNTIFS('Open General Opps CFY'!$C$2:$C$142,$A11,'Open General Opps CFY'!$I$2:$I$142,$B$4,'Open General Opps CFY'!$P$2:$P$142,1) -> 1 | D11: =IF(B11=0,0,C11/B11) -> 0.090909091
A12: MEE | B12: =COUNTIFS('Open General Opps CFY'!$C$2:$C$142,$A12,'Open General Opps CFY'!$I$2:$I$142,$B$4) -> 19 | C12: =COUNTIFS('Open General Opps CFY'!$C$2:$C$142,$A12,'Open General Opps CFY'!$I$2:$I$142,$B$4,'Open General Opps CFY'!$P$2:$P$142,1) -> 1 | D12: =IF(B12=0,0,C12/B12) -> 0.052631579
A13: APJ | B13: =COUNTIFS('Open General Opps CFY'!$C$2:$C$142,$A13,'Open General Opps CFY'!$I$2:$I$142,$B$4) -> 8 | C13: =COUNTIFS('Open General Opps CFY'!$C$2:$C$142,$A13,'Open General Opps CFY'!$I$2:$I$142,$B$4,'Open General Opps CFY'!$P$2:$P$142,1) -> 0 | D13: =IF(B13=0,0,C13/B13) -> 0
A14: GCN | B14: =COUNTIFS('Open General Opps CFY'!$C$2:$C$142,$A14,'Open General Opps CFY'!$I$2:$I$142,$B$4) -> 10 | C14: =COUNTIFS('Open General Opps CFY'!$C$2:$C$142,$A14,'Open General Opps CFY'!$I$2:$I$142,$B$4,'Open General Opps CFY'!$P$2:$P$142,1) -> 1 | D14: =IF(B14=0,0,C14/B14) -> 0.1
A15: Global | B15: =SUM(B8:B14) -> 115 | C15: =SUM(C8:C14) -> 10 | D15: =IF(B15=0,0,C15/B15) -> 0.086956522
A18: Open opportunities per stage
A19: Region | B19: Business chemistry & Scoping | C19: Solution Presentation | D19: Tech Agreement | E19: Commercial Agreement | F19: Contracting
A20: NA | B20: =COUNTIFS('Open General Opps CFY'!$C$2:$C$142,$A20,'Open General Opps CFY'!$I$2:$I$142,$B$4,'Open General Opps CFY'!$F$2:$F$142,"Business chemistry & Scoping") -> 4 | C20: =COUNTIFS('Open General Opps CFY'!$C$2:$C$142,$A20,'Open General Opps CFY'!$I$2:$I$142,$B$4,'Open General Opps CFY'!$F$2:$F$142,"Solution Presentation") -> 8 | D20: =COUNTIFS('Open General Opps CFY'!$C$2:$C$142,$A20,'Open General Opps CFY'!$I$2:$I$142,$B$4,'Open General Opps CFY'!$F$2:$F$142,"Tech Agreement") -> 4 | E20: =COUNTIFS('Open General Opps CFY'!$C$2:$C$142,$A20,'Open General Opps CFY'!$I$2:$I$142,$B$4,'Open General Opps CFY'!$F$2:$F$142,"Commercial Agreement") -> 4 | F20: =COUNTIFS('Open General Opps CFY'!$C$2:$C$142,$A20,'Open General Opps CFY'!$I$2:$I$142,$B$4,'Open General Opps CFY'!$F$2:$F$142,"Contracting") -> 1
A21: LATAM | B21: =COUNTIFS('Open General Opps CFY'!$C$2:$C$142,$A21,'Open General Opps CFY'!$I$2:$I$142,$B$4,'Open General Opps CFY'!$F$2:$F$142,"Business chemistry & Scoping") -> 3 | C21: =COUNTIFS('Open General Opps CFY'!$C$2:$C$142,$A21,'Open General Opps CFY'!$I$2:$I$142,$B$4,'Open General Opps CFY'!$F$2:$F$142,"Solution Presentation") -> 5 | D21: =COUNTIFS('Open General Opps CFY'!$C$2:$C$142,$A21,'Open General Opps CFY'!$I$2:$I$142,$B$4,'Open General Opps CFY'!$F$2:$F$142,"Tech Agreement") -> 1 | E21: =COUNTIFS('Open General Opps CFY'!$C$2:$C$142,$A21,'Open General Opps CFY'!$I$2:$I$142,$B$4,'Open General Opps CFY'!$F$2:$F$142,"Commercial Agreement") -> 4 | F21: =COUNTIFS('Open General Opps CFY'!$C$2:$C$142,$A21,'Open General Opps CFY'!$I$2:$I$142,$B$4,'Open General Opps CFY'!$F$2:$F$142,"Contracting") -> 1
A22: EMEA N | B22: =COUNTIFS('Open General Opps CFY'!$C$2:$C$142,$A22,'Open General Opps CFY'!$I$2:$I$142,$B$4,'Open General Opps CFY'!$F$2:$F$142,"Business chemistry & Scoping") -> 12 | C22: =COUNTIFS('Open General Opps CFY'!$C$2:$C$142,$A22,'Open General Opps CFY'!$I$2:$I$142,$B$4,'Open General Opps CFY'!$F$2:$F$142,"Solution Presentation") -> 8 | D22: =COUNTIFS('Open General Opps CFY'!$C$2:$C$142,$A22,'Open General Opps CFY'!$I$2:$I$142,$B$4,'Open General Opps CFY'!$F$2:$F$142,"Tech Agreement") -> 6 | E22: =COUNTIFS('Open General Opps CFY'!$C$2:$C$142,$A22,'Open General Opps CFY'!$I$2:$I$142,$B$4,'Open General Opps CFY'!$F$2:$F$142,"Commercial Agreement") -> 5 | F22: =COUNTIFS('Open General Opps CFY'!$C$2:$C$142,$A22,'Open General Opps CFY'!$I$2:$I$142,$B$4,'Open General Opps CFY'!$F$2:$F$142,"Contracting") -> 1
A23: EMEA S | B23: =COUNTIFS('Open General Opps CFY'!$C$2:$C$142,$A23,'Open General Opps CFY'!$I$2:$I$142,$B$4,'Open General Opps CFY'!$F$2:$F$142,"Business chemistry & Scoping") -> 5 | C23: =COUNTIFS('Open General Opps CFY'!$C$2:$C$142,$A23,'Open General Opps CFY'!$I$2:$I$142,$B$4,'Open General Opps CFY'!$F$2:$F$142,"Solution Presentation") -> 5 | D23: =COUNTIFS('Open General Opps CFY'!$C$2:$C$142,$A23,'Open General Opps CFY'!$I$2:$I$142,$B$4,'Open General Opps CFY'!$F$2:$F$142,"Tech Agreement") -> 1 | E23: =COUNTIFS('Open General Opps CFY'!$C$2:$C$142,$A23,'Open General Opps CFY'!$I$2:$I$142,$B$4,'Open General Opps CFY'!$F$2:$F$142,"Commercial Agreement") -> 0 | F23: =COUNTIFS('Open General Opps CFY'!$C$2:$C$142,$A23,'Open General Opps CFY'!$I$2:$I$142,$B$4,'Open General Opps CFY'!$F$2:$F$142,"Contracting") -> 0
A24: MEE | B24: =COUNTIFS('Open General Opps CFY'!$C$2:$C$142,$A24,'Open General Opps CFY'!$I$2:$I$142,$B$4,'Open General Opps CFY'!$F$2:$F$142,"Business chemistry & Scoping") -> 3 | C24: =COUNTIFS('Open General Opps CFY'!$C$2:$C$142,$A24,'Open General Opps CFY'!$I$2:$I$142,$B$4,'Open General Opps CFY'!$F$2:$F$142,"Solution Presentation") -> 6 | D24: =COUNTIFS('Open General Opps CFY'!$C$2:$C$142,$A24,'Open General Opps CFY'!$I$2:$I$142,$B$4,'Open General Opps CFY'!$F$2:$F$142,"Tech Agreement") -> 3 | E24: =COUNTIFS('Open General Opps CFY'!$C$2:$C$142,$A24,'Open General Opps CFY'!$I$2:$I$142,$B$4,'Open General Opps CFY'!$F$2:$F$142,"Commercial Agreement") -> 4 | F24: =COUNTIFS('Open General Opps CFY'!$C$2:$C$142,$A24,'Open General Opps CFY'!$I$2:$I$142,$B$4,'Open General Opps CFY'!$F$2:$F$142,"Contracting") -> 3
A25: APJ | B25: =COUNTIFS('Open General Opps CFY'!$C$2:$C$142,$A25,'Open General Opps CFY'!$I$2:$I$142,$B$4,'Open General Opps CFY'!$F$2:$F$142,"Business chemistry & Scoping") -> 3 | C25: =COUNTIFS('Open General Opps CFY'!$C$2:$C$142,$A25,'Open General Opps CFY'!$I$2:$I$142,$B$4,'Open General Opps CFY'!$F$2:$F$142,"Solution Presentation") -> 0 | D25: =COUNTIFS('Open General Opps CFY'!$C$2:$C$142,$A25,'Open General Opps CFY'!$I$2:$I$142,$B$4,'Open General Opps CFY'!$F$2:$F$142,"Tech Agreement") -> 2 | E25: =COUNTIFS('Open General Opps CFY'!$C$2:$C$142,$A25,'Open General Opps CFY'!$I$2:$I$142,$B$4,'Open General Opps CFY'!$F$2:$F$142,"Commercial Agreement") -> 3 | F25: =COUNTIFS('Open General Opps CFY'!$C$2:$C$142,$A25,'Open General Opps CFY'!$I$2:$I$142,$B$4,'Open General Opps CFY'!$F$2:$F$142,"Contracting") -> 0
A26: GCN | B26: =COUNTIFS('Open General Opps CFY'!$C$2:$C$142,$A26,'Open General Opps CFY'!$I$2:$I$142,$B$4,'Open General Opps CFY'!$F$2:$F$142,"Business chemistry & Scoping") -> 5 | C26: =COUNTIFS('Open General Opps CFY'!$C$2:$C$142,$A26,'Open General Opps CFY'!$I$2:$I$142,$B$4,'Open General Opps CFY'!$F$2:$F$142,"Solution Presentation") -> 1 | D26: =COUNTIFS('Open General Opps CFY'!$C$2:$C$142,$A26,'Open General Opps CFY'!$I$2:$I$142,$B$4,'Open General Opps CFY'!$F$2:$F$142,"Tech Agreement") -> 1 | E26: =COUNTIFS('Open General Opps CFY'!$C$2:$C$142,$A26,'Open General Opps CFY'!$I$2:$I$142,$B$4,'Open General Opps CFY'!$F$2:$F$142,"Commercial Agreement") -> 3 | F26: =COUNTIFS('Open General Opps CFY'!$C$2:$C$142,$A26,'Open General Opps CFY'!$I$2:$I$142,$B$4,'Open General Opps CFY'!$F$2:$F$142,"Contracting") -> 0
A27: Global | B27: =SUM(B20:B26) -> 35 | C27: =SUM(C20:C26) -> 33 | D27: =SUM(D20:D26) -> 18 | E27: =SUM(E20:E26) -> 23 | F27: =SUM(F20:F26) -> 6
A30: Open general opportunities missing forecast tech MRR
A31: Region | B31: Total open general opps | C31: Missing forecast tech MRR | D31: % missing tech MRR | E31: SAP Paper opps | F31: SAP Paper missing MRR
A32: NA | B32: =COUNTIFS('Open General Opps CFY'!$C$2:$C$142,$A32,'Open General Opps CFY'!$I$2:$I$142,$B$4) -> 21 | C32: =COUNTIFS('Open General Opps CFY'!$C$2:$C$142,$A32,'Open General Opps CFY'!$I$2:$I$142,$B$4,'Open General Opps CFY'!$Q$2:$Q$142,1) -> 1 | D32: =IF(B32=0,0,C32/B32) -> 0.047619048 | E32: =COUNTIFS('Open General Opps CFY'!$C$2:$C$142,$A32,'Open General Opps CFY'!$I$2:$I$142,$B$4,'Open General Opps CFY'!$J$2:$J$142,TRUE()) -> 6 | F32: =COUNTIFS('Open General Opps CFY'!$C$2:$C$142,$A32,'Open General Opps CFY'!$I$2:$I$142,$B$4,'Open General Opps CFY'!$R$2:$R$142,1) -> 0
A33: LATAM | B33: =COUNTIFS('Open General Opps CFY'!$C$2:$C$142,$A33,'Open General Opps CFY'!$I$2:$I$142,$B$4) -> 14 | C33: =COUNTIFS('Open General Opps CFY'!$C$2:$C$142,$A33,'Open General Opps CFY'!$I$2:$I$142,$B$4,'Open General Opps CFY'!$Q$2:$Q$142,1) -> 1 | D33: =IF(B33=0,0,C33/B33) -> 0.071428571 | E33: =COUNTIFS('Open General Opps CFY'!$C$2:$C$142,$A33,'Open General Opps CFY'!$I$2:$I$142,$B$4,'Open General Opps CFY'!$J$2:$J$142,TRUE()) -> 9 | F33: =COUNTIFS('Open General Opps CFY'!$C$2:$C$142,$A33,'Open General Opps CFY'!$I$2:$I$142,$B$4,'Open General Opps CFY'!$R$2:$R$142,1) -> 0
A34: EMEA N | B34: =COUNTIFS('Open General Opps CFY'!$C$2:$C$142,$A34,'Open General Opps CFY'!$I$2:$I$142,$B$4) -> 32 | C34: =COUNTIFS('Open General Opps CFY'!$C$2:$C$142,$A34,'Open General Opps CFY'!$I$2:$I$142,$B$4,'Open General Opps CFY'!$Q$2:$Q$142,1) -> 3 | D34: =IF(B34=0,0,C34/B34) -> 0.09375 | E34: =COUNTIFS('Open General Opps CFY'!$C$2:$C$142,$A34,'Open General Opps CFY'!$I$2:$I$142,$B$4,'Open General Opps CFY'!$J$2:$J$142,TRUE()) -> 12 | F34: =COUNTIFS('Open General Opps CFY'!$C$2:$C$142,$A34,'Open General Opps CFY'!$I$2:$I$142,$B$4,'Open General Opps CFY'!$R$2:$R$142,1) -> 1
A35: EMEA S | B35: =COUNTIFS('Open General Opps CFY'!$C$2:$C$142,$A35,'Open General Opps CFY'!$I$2:$I$142,$B$4) -> 11 | C35: =COUNTIFS('Open General Opps CFY'!$C$2:$C$142,$A35,'Open General Opps CFY'!$I$2:$I$142,$B$4,'Open General Opps CFY'!$Q$2:$Q$142,1) -> 2 | D35: =IF(B35=0,0,C35/B35) -> 0.18181818 | E35: =COUNTIFS('Open General Opps CFY'!$C$2:$C$142,$A35,'Open General Opps CFY'!$I$2:$I$142,$B$4,'Open General Opps CFY'!$J$2:$J$142,TRUE()) -> 5 | F35: =COUNTIFS('Open General Opps CFY'!$C$2:$C$142,$A35,'Open General Opps CFY'!$I$2:$I$142,$B$4,'Open General Opps CFY'!$R$2:$R$142,1) -> 0
A36: MEE | B36: =COUNTIFS('Open General Opps CFY'!$C$2:$C$142,$A36,'Open General Opps CFY'!$I$2:$I$142,$B$4) -> 19 | C36: =COUNTIFS('Open General Opps CFY'!$C$2:$C$142,$A36,'Open General Opps CFY'!$I$2:$I$142,$B$4,'Open General Opps CFY'!$Q$2:$Q$142,1) -> 1 | D36: =IF(B36=0,0,C36/B36) -> 0.052631579 | E36: =COUNTIFS('Open General Opps CFY'!$C$2:$C$142,$A36,'Open General Opps CFY'!$I$2:$I$142,$B$4,'Open General Opps CFY'!$J$2:$J$142,TRUE()) -> 10 | F36: =COUNTIFS('Open General Opps CFY'!$C$2:$C$142,$A36,'Open General Opps CFY'!$I$2:$I$142,$B$4,'Open General Opps CFY'!$R$2:$R$142,1) -> 1
A37: APJ | B37: =COUNTIFS('Open General Opps CFY'!$C$2:$C$142,$A37,'Open General Opps CFY'!$I$2:$I$142,$B$4) -> 8 | C37: =COUNTIFS('Open General Opps CFY'!$C$2:$C$142,$A37,'Open General Opps CFY'!$I$2:$I$142,$B$4,'Open General Opps CFY'!$Q$2:$Q$142,1) -> 1 | D37: =IF(B37=0,0,C37/B37) -> 0.125 | E37: =COUNTIFS('Open General Opps CFY'!$C$2:$C$142,$A37,'Open General Opps CFY'!$I$2:$I$142,$B$4,'Open General Opps CFY'!$J$2:$J$142,TRUE()) -> 2 | F37: =COUNTIFS('Open General Opps CFY'!$C$2:$C$142,$A37,'Open General Opps CFY'!$I$2:$I$142,$B$4,'Open General Opps CFY'!$R$2:$R$142,1) -> 0
A38: GCN | B38: =COUNTIFS('Open General Opps CFY'!$C$2:$C$142,$A38,'Open General Opps CFY'!$I$2:$I$142,$B$4) -> 10 | C38: =COUNTIFS('Open General Opps CFY'!$C$2:$C$142,$A38,'Open General Opps CFY'!$I$2:$I$142,$B$4,'Open General Opps CFY'!$Q$2:$Q$142,1) -> 1 | D38: =IF(B38=0,0,C38/B38) -> 0.1 | E38: =COUNTIFS('Open General Opps CFY'!$C$2:$C$142,$A38,'Open General Opps CFY'!$I$2:$I$142,$B$4,'Open General Opps CFY'!$J$2:$J$142,TRUE()) -> 4 | F38: =COUNTIFS('Open General Opps CFY'!$C$2:$C$142,$A38,'Open General Opps CFY'!$I$2:$I$142,$B$4,'Open General Opps CFY'!$R$2:$R$142,1) -> 1
A39: Global | B39: =SUM(B32:B38) -> 115 | C39: =SUM(C32:C38) -> 10 | D39: =IF(B39=0,0,C39/B39) -> 0.086956522 | E39: =SUM(E32:E38) -> 48 | F39: =SUM(F32:F38) -> 3
A42: Billing address and BP ID
A43: Region | B43: Total open general opps | C43: Missing billing address | D43: % missing address | E43: Missing address and BP ID | F43: % missing address and BP ID
A44: NA | B44: =COUNTIFS('Open General Opps CFY'!$C$2:$C$142,$A44,'Open General Opps CFY'!$I$2:$I$142,$B$4) -> 21 | C44: =COUNTIFS('Open General Opps CFY'!$C$2:$C$142,$A44,'Open General Opps CFY'!$I$2:$I$142,$B$4,'Open General Opps CFY'!$S$2:$S$142,1) -> 9 | D44: =IF(B44=0,0,C44/B44) -> 0.42857143 | E44: =COUNTIFS('Open General Opps CFY'!$C$2:$C$142,$A44,'Open General Opps CFY'!$I$2:$I$142,$B$4,'Open General Opps CFY'!$T$2:$T$142,1) -> 7 | F44: =IF(B44=0,0,E44/B44) -> 0.33333333
A45: LATAM | B45: =COUNTIFS('Open General Opps CFY'!$C$2:$C$142,$A45,'Open General Opps CFY'!$I$2:$I$142,$B$4) -> 14 | C45: =COUNTIFS('Open General Opps CFY'!$C$2:$C$142,$A45,'Open General Opps CFY'!$I$2:$I$142,$B$4,'Open General Opps CFY'!$S$2:$S$142,1) -> 11 | D45: =IF(B45=0,0,C45/B45) -> 0.78571429 | E45: =COUNTIFS('Open General Opps CFY'!$C$2:$C$142,$A45,'Open General Opps CFY'!$I$2:$I$142,$B$4,'Open General Opps CFY'!$T$2:$T$142,1) -> 5 | F45: =IF(B45=0,0,E45/B45) -> 0.35714286
A46: EMEA N | B46: =COUNTIFS('Open General Opps CFY'!$C$2:$C$142,$A46,'Open General Opps CFY'!$I$2:$I$142,$B$4) -> 32 | C46: =COUNTIFS('Open General Opps CFY'!$C$2:$C$142,$A46,'Open General Opps CFY'!$I$2:$I$142,$B$4,'Open General Opps CFY'!$S$2:$S$142,1) -> 0 | D46: =IF(B46=0,0,C46/B46) -> 0 | E46: =COUNTIFS('Open General Opps CFY'!$C$2:$C$142,$A46,'Open General Opps CFY'!$I$2:$I$142,$B$4,'Open General Opps CFY'!$T$2:$T$142,1) -> 0 | F46: =IF(B46=0,0,E46/B46) -> 0
A47: EMEA S | B47: =COUNTIFS('Open General Opps CFY'!$C$2:$C$142,$A47,'Open General Opps CFY'!$I$2:$I$142,$B$4) -> 11 | C47: =COUNTIFS('Open General Opps CFY'!$C$2:$C$142,$A47,'Open General Opps CFY'!$I$2:$I$142,$B$4,'Open General Opps CFY'!$S$2:$S$142,1) -> 0 | D47: =IF(B47=0,0,C47/B47) -> 0 | E47: =COUNTIFS('Open General Opps CFY'!$C$2:$C$142,$A47,'Open General Opps CFY'!$I$2:$I$142,$B$4,'Open General Opps CFY'!$T$2:$T$142,1) -> 0 | F47: =IF(B47=0,0,E47/B47) -> 0
A48: MEE | B48: =COUNTIFS('Open General Opps CFY'!$C$2:$C$142,$A48,'Open General Opps CFY'!$I$2:$I$142,$B$4) -> 19 | C48: =COUNTIFS('Open General Opps CFY'!$C$2:$C$142,$A48,'Open General Opps CFY'!$I$2:$I$142,$B$4,'Open General Opps CFY'!$S$2:$S$142,1) -> 12 | D48: =IF(B48=0,0,C48/B48) -> 0.63157895 | E48: =COUNTIFS('Open General Opps CFY'!$C$2:$C$142,$A48,'Open General Opps CFY'!$I$2:$I$142,$B$4,'Open General Opps CFY'!$T$2:$T$142,1) -> 5 | F48: =IF(B48=0,0,E48/B48) -> 0.26315789
A49: APJ | B49: =COUNTIFS('Open General Opps CFY'!$C$2:$C$142,$A49,'Open General Opps CFY'!$I$2:$I$142,$B$4) -> 8 | C49: =COUNTIFS('Open General Opps CFY'!$C$2:$C$142,$A49,'Open General Opps CFY'!$I$2:$I$142,$B$4,'Open General Opps CFY'!$S$2:$S$142,1) -> 0 | D49: =IF(B49=0,0,C49/B49) -> 0 | E49: =COUNTIFS('Open General Opps CFY'!$C$2:$C$142,$A49,'Open General Opps CFY'!$I$2:$I$142,$B$4,'Open General Opps CFY'!$T$2:$T$142,1) -> 0 | F49: =IF(B49=0,0,E49/B49) -> 0
A50: GCN | B50: =COUNTIFS('Open General Opps CFY'!$C$2:$C$142,$A50,'Open General Opps CFY'!$I$2:$I$142,$B$4) -> 10 | C50: =COUNTIFS('Open General Opps CFY'!$C$2:$C$142,$A50,'Open General Opps CFY'!$I$2:$I$142,$B$4,'Open General Opps CFY'!$S$2:$S$142,1) -> 10 | D50: =IF(B50=0,0,C50/B50) -> 1 | E50: =COUNTIFS('Open General Opps CFY'!$C$2:$C$142,$A50,'Open General Opps CFY'!$I$2:$I$142,$B$4,'Open General Opps CFY'!$T$2:$T$142,1) -> 3 | F50: =IF(B50=0,0,E50/B50) -> 0.3
A51: Global | B51: =SUM(B44:B50) -> 115 | C51: =SUM(C44:C50) -> 42 | D51: =IF(B51=0,0,C51/B51) -> 0.36521739 | E51: =SUM(E44:E50) -> 20 | F51: =IF(B51=0,0,E51/B51) -> 0.17391304
A54: Opportunities with close dates in the past
A55: Region | B55: Total open general opps | C55: Past close date | D55: % past close date
A56: NA | B56: =COUNTIFS('Open General Opps CFY'!$C$2:$C$142,$A56,'Open General Opps CFY'!$I$2:$I$142,$B$4) -> 21 | C56: =COUNTIFS('Open General Opps CFY'!$C$2:$C$142,$A56,'Open General Opps CFY'!$I$2:$I$142,$B$4,'Open General Opps CFY'!$U$2:$U$142,1) -> 1 | D56: =IF(B56=0,0,C56/B56) -> 0.047619048
A57: LATAM | B57: =COUNTIFS('Open General Opps CFY'!$C$2:$C$142,$A57,'Open General Opps CFY'!$I$2:$I$142,$B$4) -> 14 | C57: =COUNTIFS('Open General Opps CFY'!$C$2:$C$142,$A57,'Open General Opps CFY'!$I$2:$I$142,$B$4,'Open General Opps CFY'!$U$2:$U$142,1) -> 1 | D57: =IF(B57=0,0,C57/B57) -> 0.071428571
A58: EMEA N | B58: =COUNTIFS('Open General Opps CFY'!$C$2:$C$142,$A58,'Open General Opps CFY'!$I$2:$I$142,$B$4) -> 32 | C58: =COUNTIFS('Open General Opps CFY'!$C$2:$C$142,$A58,'Open General Opps CFY'!$I$2:$I$142,$B$4,'Open General Opps CFY'!$U$2:$U$142,1) -> 0 | D58: =IF(B58=0,0,C58/B58) -> 0
A59: EMEA S | B59: =COUNTIFS('Open General Opps CFY'!$C$2:$C$142,$A59,'Open General Opps CFY'!$I$2:$I$142,$B$4) -> 11 | C59: =COUNTIFS('Open General Opps CFY'!$C$2:$C$142,$A59,'Open General Opps CFY'!$I$2:$I$142,$B$4,'Open General Opps CFY'!$U$2:$U$142,1) -> 0 | D59: =IF(B59=0,0,C59/B59) -> 0
A60: MEE | B60: =COUNTIFS('Open General Opps CFY'!$C$2:$C$142,$A60,'Open General Opps CFY'!$I$2:$I$142,$B$4) -> 19 | C60: =COUNTIFS('Open General Opps CFY'!$C$2:$C$142,$A60,'Open General Opps CFY'!$I$2:$I$142,$B$4,'Open General Opps CFY'!$U$2:$U$142,1) -> 6 | D60: =IF(B60=0,0,C60/B60) -> 0.31578947
A61: APJ | B61: =COUNTIFS('Open General Opps CFY'!$C$2:$C$142,$A61,'Open General Opps CFY'!$I$2:$I$142,$B$4) -> 8 | C61: =COUNTIFS('Open General Opps CFY'!$C$2:$C$142,$A61,'Open General Opps CFY'!$I$2:$I$142,$B$4,'Open General Opps CFY'!$U$2:$U$142,1) -> 0 | D61: =IF(B61=0,0,C61/B61) -> 0
A62: GCN | B62: =COUNTIFS('Open General Opps CFY'!$C$2:$C$142,$A62,'Open General Opps CFY'!$I$2:$I$142,$B$4) -> 10 | C62: =COUNTIFS('Open General Opps CFY'!$C$2:$C$142,$A62,'Open General Opps CFY'!$I$2:$I$142,$B$4,'Open General Opps CFY'!$U$2:$U$142,1) -> 0 | D62: =IF(B62=0,0,C62/B62) -> 0
A63: Global | B63: =SUM(B56:B62) -> 115 | C63: =SUM(C56:C62) -> 8 | D63: =IF(B63=0,0,C63/B63) -> 0.069565217

Sheet Open General Opps CFY
A1: Opportunity ID | B1: Office | C1: SAP Region | D1: Account Name | E1: Opportunity Owner | F1: Stage | G1: Executive Forecast Category | H1: Close Date | I1: Fiscal Period | J1: SAP Paper | K1: Forecast Tech MRR (EUR) | L1: BP ID | M1: Billing Address Line 1 | N1: Billing State/Province | O1: Billing Country | P1: Unassigned forecast | Q1: Missing tech MRR | R1: SAP Paper missing MRR | S1: Missing address | T1: Missing address and BP ID | U1: Past close date
A2: 006SYNQ30000075 | B2: UK | C2: =VLOOKUP(B2,'Lookup Data'!$A$4:$B$20,2,FALSE()) -> EMEA N | D2: Nimbus Beauty | E2: Owner EME04 | F2: Commercial Agreement | G2: - | H2: 45897 | I2: Q3-2025 | J2: =FALSE() -> FALSE | K2: 4840 | L2: 16407856 | M2: 174 Station Way | N2: West | O2: United Kingdom | P2: =IF(G2="-",1,0) -> 1 | Q2: =IF(N(K2)=0,1,0) -> 0 | R2: =IF(AND(J2=TRUE(),N(K2)=0),1,0) -> 0 | S2: =IF(OR(ISBLANK(M2),ISBLANK(N2),ISBLANK(O2)),1,0) -> 0 | T2: =IF(AND(S2=1,OR(ISBLANK(L2),L2="-")),1,0) -> 0 | U2: =IF(H2<ReportDate,1,0) -> 0
A3: 006SYNQ30000077 | B3: UK | C3: =VLOOKUP(B3,'Lookup Data'!$A$4:$B$20,2,FALSE()) -> EMEA N | D3: Arlo Living | E3: Owner EME04 | F3: Solution Presentation | G3: 3 - Best Case | H3: 45927 | I3: Q3-2025 | J3: =FALSE() -> FALSE | K3: 1640 | L3: 17484886 | M3: 129 Station Way | N3: West | O3: United Kingdom | P3: =IF(G3="-",1,0) -> 0 | Q3: =IF(N(K3)=0,1,0) -> 0 | R3: =IF(AND(J3=TRUE(),N(K3)=0),1,0) -> 0 | S3: =IF(OR(ISBLANK(M3),ISBLANK(N3),ISBLANK(O3)),1,0) -> 0 | T3: =IF(AND(S3=1,OR(ISBLANK(L3),L3="-")),1,0) -> 0 | U3: =IF(H3<ReportDate,1,0) -> 0
A4: 006SYNQ30000010 | B4: CA | C4: =VLOOKUP(B4,'Lookup Data'!$A$4:$B$20,2,FALSE()) -> NA | D4: Jasper Travel | E4: Owner NA06 | F4: Business chemistry & Scoping | G4: 3 - Best Case | H4: 45839 | I4: Q4-2025 | J4: =TRUE() -> TRUE | K4: 20390 | L4: 16694617 | M4: 143 Station Way | N4: South | O4: United States | P4: =IF(G4="-",1,0) -> 0 | Q4: =IF(N(K4)=0,1,0) -> 0 | R4: =IF(AND(J4=TRUE(),N(K4)=0),1,0) -> 0 | S4: =IF(OR(ISBLANK(M4),ISBLANK(N4),ISBLANK(O4)),1,0) -> 0 | T4: =IF(AND(S4=1,OR(ISBLANK(L4),L4="-")),1,0) -> 0 | U4: =IF(H4<ReportDate,1,0) -> 1
A5: 006SYNQ30000024 | B5: US | C5: =VLOOKUP(B5,'Lookup Data'!$A$4:$B$20,2,FALSE()) -> NA | D5: Lumen Living | E5: Owner NA02 | F5: Solution Presentation | G5: 3 - Best Case | H5: 45863 | I5: Q3-2025 | J5: =TRUE() -> TRUE | K5: 7280 | L5: 12684724 | M5: 215 Station Way | N5: Central | O5: United States | P5: =IF(G5="-",1,0) -> 0 | Q5: =IF(N(K5)=0,1,0) -> 0 | R5: =IF(AND(J5=TRUE(),N(K5)=0),1,0) -> 0 | S5: =IF(OR(ISBLANK(M5),ISBLANK(N5),ISBLANK(O5)),1,0) -> 0 | T5: =IF(AND(S5=1,OR(ISBLANK(L5),L5="-")),1,0) -> 0 | U5: =IF(H5<ReportDate,1,0) -> 0
A6: 006SYNQ30000076 | B6: NL | C6: =VLOOKUP(B6,'Lookup Data'!$A$4:$B$20,2,FALSE()) -> EMEA N | D6: Jasper Living | E6: Owner EME01 | F6: Contracting | G6: 3 - Best Case | H6: 45913 | I6: Q3-2025 | J6: =FALSE() -> FALSE | K6: 6860 | L6: 13646339 | M6: 47 Station Way | N6: Central | O6: United Kingdom | P6: =IF(G6="-",1,0) -> 0 | Q6: =IF(N(K6)=0,1,0) -> 0 | R6: =IF(AND(J6=TRUE(),N(K6)=0),1,0) -> 0 | S6: =IF(OR(ISBLANK(M6),ISBLANK(N6),ISBLANK(O6)),1,0) -> 0 | T6: =IF(AND(S6=1,OR(ISBLANK(L6),L6="-")),1,0) -> 0 | U6: =IF(H6<ReportDate,1,0) -> 0
A7: 006SYNQ30000015 | B7: US | C7: =VLOOKUP(B7,'Lookup Data'!$A$4:$B$20,2,FALSE()) -> NA | D7: Delmar Living | E7: Owner NA03 | F7: Business chemistry & Scoping | G7: 4 - Pipeline | H7: 45991 | I7: Q4-2025 | J7: =TRUE() -> TRUE | K7: 24720 | L7: 12238451 | O7: United States | P7: =IF(G7="-",1,0) -> 0 | Q7: =IF(N(K7)=0,1,0) -> 0 | R7: =IF(AND(J7=TRUE(),N(K7)=0),1,0) -> 0 | S7: =IF(OR(ISBLANK(M7),ISBLANK(N7),ISBLANK(O7)),1,0) -> 1 | T7: =IF(AND(S7=1,OR(ISBLANK(L7),L7="-")),1,0) -> 0 | U7: =IF(H7<ReportDate,1,0) -> 0
A8: 006SYNQ30000108 | B8: PL | C8: =VLOOKUP(B8,'Lookup Data'!$A$4:$B$20,2,FALSE()) -> MEE | D8: Garnet Travel | E8: Owner MEE01 | F8: Business chemistry & Scoping | G8: - | H8: 45840 | I8: Q4-2025 | J8: =TRUE() -> TRUE | K8: 6710 | L8: 17778845 | M8: 105 High Street | N8: Central | O8: Germany | P8: =IF(G8="-",1,0) -> 1 | Q8: =IF(N(K8)=0,1,0) -> 0 | R8: =IF(AND(J8=TRUE(),N(K8)=0),1,0) -> 0 | S8: =IF(OR(ISBLANK(M8),ISBLANK(N8),ISBLANK(O8)),1,0) -> 0 | T8: =IF(AND(S8=1,OR(ISBLANK(L8),L8="-")),1,0) -> 0 | U8: =IF(H8<ReportDate,1,0) -> 1
A9: 006SYNQ30000072 | B9: UK | C9: =VLOOKUP(B9,'Lookup Data'!$A$4:$B$20,2,FALSE()) -> EMEA N | D9: Summit Sports | E9: Owner EME04 | F9: Business chemistry & Scoping | G9: 4 - Pipeline | H9: 45913 | I9: Q3-2025 | J9: =TRUE() -> TRUE | K9: 15070 | L9: 14500849 | M9: 75 Station Way | N9: West | O9: United Kingdom | P9: =IF(G9="-",1,0) -> 0 | Q9: =IF(N(K9)=0,1,0) -> 0 | R9: =IF(AND(J9=TRUE(),N(K9)=0),1,0) -> 0 | S9: =IF(OR(ISBLANK(M9),ISBLANK(N9),ISBLANK(O9)),1,0) -> 0 | T9: =IF(AND(S9=1,OR(ISBLANK(L9),L9="-")),1,0) -> 0 | U9: =IF(H9<ReportDate,1,0) -> 0
A10: 006SYNQ30000023 | B10: US | C10: =VLOOKUP(B10,'Lookup Data'!$A$4:$B$20,2,FALSE()) -> NA | D10: Nimbus Retail | E10: Owner NA06 | F10: Business chemistry & Scoping | G10: 4 - Pipeline | H10: 45883 | I10: Q3-2025 | J10: =FALSE() -> FALSE | K10: 5440 | L10: 17042761 | M10: 193 Station Way | N10: West | O10: United States | P10: =IF(G10="-",1,0) -> 0 | Q10: =IF(N(K10)=0,1,0) -> 0 | R10: =IF(AND(J10=TRUE(),N(K10)=0),1,0) -> 0 | S10: =IF(OR(ISBLANK(M10),ISBLANK(N10),ISBLANK(O10)),1,0) -> 0 | T10: =IF(AND(S10=1,OR(ISBLANK(L10),L10="-")),1,0) -> 0 | U10: =IF(H10<ReportDate,1,0) -> 0
A11: 006SYNQ30000035 | B11: MX | C11: =VLOOKUP(B11,'Lookup Data'!$A$4:$B$20,2,FALSE()) -> LATAM | D11: Lumen Brands | E11: Owner LAT03 | F11: Commercial Agreement | G11: 4 - Pipeline | H11: 45890 | I11: Q3-2025 | J11: =FALSE() -> FALSE | K11: 9680 | L11: 14526000 | O11: Brazil | P11: =IF(G11="-",1,0) -> 0 | Q11: =IF(N(K11)=0,1,0) -> 0 | R11: =IF(AND(J11=TRUE(),N(K11)=0),1,0) -> 0 | S11: =IF(OR(ISBLANK(M11),ISBLANK(N11),ISBLANK(O11)),1,0) -> 1 | T11: =IF(AND(S11=1,OR(ISBLANK(L11),L11="-")),1,0) -> 0 | U11: =IF(H11<ReportDate,1,0) -> 0
A12: 006SYNQ30000089 | B12: ES | C12: =VLOOKUP(B12,'Lookup Data'!$A$4:$B$20,2,FALSE()) -> EMEA S | D12: Verity Travel | E12: Owner EME05 | F12: Business chemistry & Scoping | G12: 4 - Pipeline | H12: 45871 | I12: Q3-2025 | J12: =FALSE() -> FALSE | K12: 23850 | L12: 11375241 | M12: 173 Park Avenue | N12: South | O12: France | P12: =IF(G12="-",1,0) -> 0 | Q12: =IF(N(K12)=0,1,0) -> 0 | R12: =IF(AND(J12=TRUE(),N(K12)=0),1,0) -> 0 | S12: =IF(OR(ISBLANK(M12),ISBLANK(N12),ISBLANK(O12)),1,0) -> 0 | T12: =IF(AND(S12=1,OR(ISBLANK(L12),L12="-")),1,0) -> 0 | U12: =IF(H12<ReportDate,1,0) -> 0
A13: 006SYNQ30000140 | B13: HK | C13: =VLOOKUP(B13,'Lookup Data'!$A$4:$B$20,2,FALSE()) -> GCN | D13: Cobalt Travel | E13: Owner GCN02 | F13: Tech Agreement | G13: - | H13: 45987 | I13: Q4-2025 | J13: =FALSE() -> FALSE | K13: 19560 | L13: - | O13: Hong Kong | P13: =IF(G13="-",1,0) -> 1 | Q13: =IF(N(K13)=0,1,0) -> 0 | R13: =IF(AND(J13=TRUE(),N(K13)=0),1,0) -> 0 | S13: =IF(OR(ISBLANK(M13),ISBLANK(N13),ISBLANK(O13)),1,0) -> 1 | T13: =IF(AND(S13=1,OR(ISBLANK(L13),L13="-")),1,0) -> 1 | U13: =IF(H13<ReportDate,1,0) -> 0
A14: 006SYNQ30000118 | B14: AT | C14: =VLOOKUP(B14,'Lookup Data'!$A$4:$B$20,2,FALSE()) -> MEE | D14: Iris Living | E14: Owner MEE02 | F14: Business chemistry & Scoping | G14: 3 - Best Case | H14: 45882 | I14: Q3-2025 | J14: =TRUE() -> TRUE | K14: 11020 | L14: 13484610 | N14: South | O14: Germany | P14: =IF(G14="-",1,0) -> 0 | Q14: =IF(N(K14)=0,1,0) -> 0 | R14: =IF(AND(J14=TRUE(),N(K14)=0),1,0) -> 0 | S14: =IF(OR(ISBLANK(M14),ISBLANK(N14),ISBLANK(O14)),1,0) -> 1 | T14: =IF(AND(S14=1,OR(ISBLANK(L14),L14="-")),1,0) -> 0 | U14: =IF(H14<ReportDate,1,0) -> 0
A15: 006SYNQ30000041 | B15: MX | C15: =VLOOKUP(B15,'Lookup Data'!$A$4:$B$20,2,FALSE()) -> LATAM | D15: Tidal Telecom | E15: Owner LAT03 | F15: Business chemistry & Scoping | G15: - | H15: 45876 | I15: Q3-2025 | J15: =TRUE() -> TRUE | K15: 4830 | L15: 13923838 | M15: 65 Market Road | N15: Central | O15: Brazil | P15: =IF(G15="-",1,0) -> 1 | Q15: =IF(N(K15)=0,1,0) -> 0 | R15: =IF(AND(J15=TRUE(),N(K15)=0),1,0) -> 0 | S15: =IF(OR(ISBLANK(M15),ISBLANK(N15),ISBLANK(O15)),1,0) -> 0 | T15: =IF(AND(S15=1,OR(ISBLANK(L15),L15="-")),1,0) -> 0 | U15: =IF(H15<ReportDate,1,0) -> 0
A16: 006SYNQ30000045 | B16: UK | C16: =VLOOKUP(B16,'Lookup Data'!$A$4:$B$20,2,FALSE()) -> EMEA N | D16: Harbor Sports | E16: Owner EME03 | F16: Business chemistry & Scoping | G16: 3 - Best Case | H16: 45908 | I16: Q3-2025 | J16: =FALSE() -> FALSE | K16: 13620 | L16: 18174262 | M16: 177 Market Road | N16: North | O16: United Kingdom | P16: =IF(G16="-",1,0) -> 0 | Q16: =IF(N(K16)=0,1,0) -> 0 | R16: =IF(AND(J16=TRUE(),N(K16)=0),1,0) -> 0 | S16: =IF(OR(ISBLANK(M16),ISBLANK(N16),ISBLANK(O16)),1,0) -> 0 | T16: =IF(AND(S16=1,OR(ISBLANK(L16),L16="-")),1,0) -> 0 | U16: =IF(H16<ReportDate,1,0) -> 0
A17: 006SYNQ30000119 | B17: AT | C17: =VLOOKUP(B17,'Lookup Data'!$A$4:$B$20,2,FALSE()) -> MEE | D17: Jasper Foods | E17: Owner MEE01 | F17: Solution Presentation | G17: 3 - Best Case | H17: 45918 | I17: Q3-2025 | J17: =FALSE() -> FALSE | K17: 9500 | L17: 11907376 | M17: 60 High Street | N17: Central | O17: Germany | P17: =IF(G17="-",1,0) -> 0 | Q17: =IF(N(K17)=0,1,0) -> 0 | R17: =IF(AND(J17=TRUE(),N(K17)=0),1,0) -> 0 | S17: =IF(OR(ISBLANK(M17),ISBLANK(N17),ISBLANK(O17)),1,0) -> 0 | T17: =IF(AND(S17=1,OR(ISBLANK(L17),L17="-")),1,0) -> 0 | U17: =IF(H17<ReportDate,1,0) -> 0
A18: 006SYNQ30000112 | B18: DE | C18: =VLOOKUP(B18,'Lookup Data'!$A$4:$B$20,2,FALSE()) -> MEE | D18: Moreland Retail | E18: Owner MEE02 | F18: Solution Presentation | G18: - | H18: 45975 | I18: Q4-2025 | J18: =TRUE() -> TRUE | K18: 18790 | L18: 13947016 | M18: 164 Park Avenue | N18: North | O18: Germany | P18: =IF(G18="-",1,0) -> 1 | Q18: =IF(N(K18)=0,1,0) -> 0 | R18: =IF(AND(J18=TRUE(),N(K18)=0),1,0) -> 0 | S18: =IF(OR(ISBLANK(M18),ISBLANK(N18),ISBLANK(O18)),1,0) -> 0 | T18: =IF(AND(S18=1,OR(ISBLANK(L18),L18="-")),1,0) -> 0 | U18: =IF(H18<ReportDate,1,0) -> 0
A19: 006SYNQ30000034 | B19: MX | C19: =VLOOKUP(B19,'Lookup Data'!$A$4:$B$20,2,FALSE()) -> LATAM | D19: Lumen Outfitters | E19: Owner LAT01 | F19: Business chemistry & Scoping | G19: 4 - Pipeline | H19: 45860 | I19: Q3-2025 | J19: =TRUE() -> TRUE | K19: 24220 | L19: - | O19: Brazil | P19: =IF(G19="-",1,0) -> 0 | Q19: =IF(N(K19)=0,1,0) -> 0 | R19: =IF(AND(J19=TRUE(),N(K19)=0),1,0) -> 0 | S19: =IF(OR(ISBLANK(M19),ISBLANK(N19),ISBLANK(O19)),1,0) -> 1 | T19: =IF(AND(S19=1,OR(ISBLANK(L19),L19="-")),1,0) -> 1 | U19: =IF(H19<ReportDate,1,0) -> 0
A20: 006SYNQ30000032 | B20: MX | C20: =VLOOKUP(B20,'Lookup Data'!$A$4:$B$20,2,FALSE()) -> LATAM | D20: Osprey Telecom | E20: Owner LAT01 | F20: Commercial Agreement | G20: - | H20: 45890 | I20: Q3-2025 | J20: =TRUE() -> TRUE | K20: 11320 | L20: 15864098 | O20: Brazil | P20: =IF(G20="-",1,0) -> 1 | Q20: =IF(N(K20)=0,1,0) -> 0 | R20: =IF(AND(J20=TRUE(),N(K20)=0),1,0) -> 0 | S20: =IF(OR(ISBLANK(M20),ISBLANK(N20),ISBLANK(O20)),1,0) -> 1 | T20: =IF(AND(S20=1,OR(ISBLANK(L20),L20="-")),1,0) -> 0 | U20: =IF(H20<ReportDate,1,0) -> 0
A21: 006SYNQ30000131 | B21: HK | C21: =VLOOKUP(B21,'Lookup Data'!$A$4:$B$20,2,FALSE()) -> GCN | D21: Falcon Living | E21: Owner GCN04 | F21: Business chemistry & Scoping | G21: 4 - Pipeline | H21: 45851 | I21: Q3-2025 | J21: =FALSE() -> FALSE | K21: 11800 | L21: 17520742 | N21: North | O21: Hong Kong | P21: =IF(G21="-",1,0) -> 0 | Q21: =IF(N(K21)=0,1,0) -> 0 | R21: =IF(AND(J21=TRUE(),N(K21)=0),1,0) -> 0 | S21: =IF(OR(ISBLANK(M21),ISBLANK(N21),ISBLANK(O21)),1,0) -> 1 | T21: =IF(AND(S21=1,OR(ISBLANK(L21),L21="-")),1,0) -> 0 | U21: =IF(H21<ReportDate,1,0) -> 0
A22: 006SYNQ30000022 | B22: CA | C22: =VLOOKUP(B22,'Lookup Data'!$A$4:$B$20,2,FALSE()) -> NA | D22: Upton Brands | E22: Owner NA02 | F22: Tech Agreement | G22: 4 - Pipeline | H22: 45862 | I22: Q3-2025 | J22: =FALSE() -> FALSE | K22: 24250 | L22: 18606158 | M22: 111 Market Road | N22: West | O22: United States | P22: =IF(G22="-",1,0) -> 0 | Q22: =IF(N(K22)=0,1,0) -> 0 | R22: =IF(AND(J22=TRUE(),N(K22)=0),1,0) -> 0 | S22: =IF(OR(ISBLANK(M22),ISBLANK(N22),ISBLANK(O22)),1,0) -> 0 | T22: =IF(AND(S22=1,OR(ISBLANK(L22),L22="-")),1,0) -> 0 | U22: =IF(H22<ReportDate,1,0) -> 0
A23: 006SYNQ30000094 | B23: AT | C23: =VLOOKUP(B23,'Lookup Data'!$A$4:$B$20,2,FALSE()) -> MEE | D23: Moreland Beauty | E23: Owner MEE01 | F23: Commercial Agreement | G23: 3 - Best Case | H23: 45981 | I23: Q4-2025 | J23: =TRUE() -> TRUE | K23: 0 | L23: 11421983 | M23: 212 High Street | N23: South | O23: Germany | P23: =IF(G23="-",1,0) -> 0 | Q23: =IF(N(K23)=0,1,0) -> 1 | R23: =IF(AND(J23=TRUE(),N(K23)=0),1,0) -> 1 | S23: =IF(OR(ISBLANK(M23),ISBLANK(N23),ISBLANK(O23)),1,0) -> 0 | T23: =IF(AND(S23=1,OR(ISBLANK(L23),L23="-")),1,0) -> 0 | U23: =IF(H23<ReportDate,1,0) -> 0
A24: 006SYNQ30000078 | B24: NL | C24: =VLOOKUP(B24,'Lookup Data'!$A$4:$B$20,2,FALSE()) -> EMEA N | D24: Osprey Outfitters | E24: Owner EME04 | F24: Business chemistry & Scoping | G24: 4 - Pipeline | H24: 45920 | I24: Q3-2025 | J24: =FALSE() -> FALSE | K24: 0 | L24: 11098883 | M24: 59 Station Way | N24: Central | O24: United Kingdom | P24: =IF(G24="-",1,0) -> 0 | Q24: =IF(N(K24)=0,1,0) -> 1 | R24: =IF(AND(J24=TRUE(),N(K24)=0),1,0) -> 0 | S24: =IF(OR(ISBLANK(M24),ISBLANK(N24),ISBLANK(O24)),1,0) -> 0 | T24: =IF(AND(S24=1,OR(ISBLANK(L24),L24="-")),1,0) -> 0 | U24: =IF(H24<ReportDate,1,0) -> 0
A25: 006SYNQ30000005 | B25: US | C25: =VLOOKUP(B25,'Lookup Data'!$A$4:$B$20,2,FALSE()) -> NA | D25: Quarry Beauty | E25: Owner NA03 | F25: Solution Presentation | G25: 4 - Pipeline | H25: 45882 | I25: Q3-2025 | J25: =FALSE() -> FALSE | K25: 810 | L25: 19624313 | M25: 105 High Street | N25: Central | O25: United States | P25: =IF(G25="-",1,0) -> 0 | Q25: =IF(N(K25)=0,1,0) -> 0 | R25: =IF(AND(J25=TRUE(),N(K25)=0),1,0) -> 0 | S25: =IF(OR(ISBLANK(M25),ISBLANK(N25),ISBLANK(O25)),1,0) -> 0 | T25: =IF(AND(S25=1,OR(ISBLANK(L25),L25="-")),1,0) -> 0 | U25: =IF(H25<ReportDate,1,0) -> 0
A26: 006SYNQ30000129 | B26: AU | C26: =VLOOKUP(B26,'Lookup Data'!$A$4:$B$20,2,FALSE()) -> APJ | D26: Jasper Travel | E26: Owner APJ01 | F26: Commercial Agreement | G26: 3 - Best Case | H26: 45890 | I26: Q3-2025 | J26: =TRUE() -> TRUE | K26: 16300 | L26: 18383212 | M26: 99 Market Road | N26: Central | O26: Australia | P26: =IF(G26="-",1,0) -> 0 | Q26: =IF(N(K26)=0,1,0) -> 0 | R26: =IF(AND(J26=TRUE(),N(K26)=0),1,0) -> 0 | S26: =IF(OR(ISBLANK(M26),ISBLANK(N26),ISBLANK(O26)),1,0) -> 0 | T26: =IF(AND(S26=1,OR(ISBLANK(L26),L26="-")),1,0) -> 0 | U26: =IF(H26<ReportDate,1,0) -> 0
A27: 006SYNQ30000031 | B27: MX | C27: =VLOOKUP(B27,'Lookup Data'!$A$4:$B$20,2,FALSE()) -> LATAM | D27: Tidal Living | E27: Owner LAT05 | F27: Contracting | G27: 4 - Pipeline | H27: 45841 | I27: Q3-2025 | J27: =TRUE() -> TRUE | K27: 5670 | L27: - | O27: Brazil | P27: =IF(G27="-",1,0) -> 0 | Q27: =IF(N(K27)=0,1,0) -> 0 | R27: =IF(AND(J27=TRUE(),N(K27)=0),1,0) -> 0 | S27: =IF(OR(ISBLANK(M27),ISBLANK(N27),ISBLANK(O27)),1,0) -> 1 | T27: =IF(AND(S27=1,OR(ISBLANK(L27),L27="-")),1,0) -> 1 | U27: =IF(H27<ReportDate,1,0) -> 1
A28: 006SYNQ30000044 | B28: NL | C28: =VLOOKUP(B28,'Lookup Data'!$A$4:$B$20,2,FALSE()) -> EMEA N | D28: Delmar Telecom | E28: Owner EME04 | F28: Business chemistry & Scoping | G28: 4 - Pipeline | H28: 45924 | I28: Q3-2025 | J28: =TRUE() -> TRUE | K28: 18760 | L28: 12041310 | M28: 49 High Street | N28: Central | O28: United Kingdom | P28: =IF(G28="-",1,0) -> 0 | Q28: =IF(N(K28)=0,1,0) -> 0 | R28: =IF(AND(J28=TRUE(),N(K28)=0),1,0) -> 0 | S28: =IF(OR(ISBLANK(M28),ISBLANK(N28),ISBLANK(O28)),1,0) -> 0 | T28: =IF(AND(S28=1,OR(ISBLANK(L28),L28="-")),1,0) -> 0 | U28: =IF(H28<ReportDate,1,0) -> 0
A29: 006SYNQ30000080 | B29: FR | C29: =VLOOKUP(B29,'Lookup Data'!$A$4:$B$20,2,FALSE()) -> EMEA S | D29: Jasper Beauty | E29: Owner EME01 | F29: Solution Presentation | G29: - | H29: 45960 | I29: Q4-2025 | J29: =TRUE() -> TRUE | K29: 14880 | L29: 17581651 | M29: 140 Market Road | N29: West | O29: France | P29: =IF(G29="-",1,0) -> 1 | Q29: =IF(N(K29)=0,1,0) -> 0 | R29: =IF(AND(J29=TRUE(),N(K29)=0),1,0) -> 0 | S29: =IF(OR(ISBLANK(M29),ISBLANK(N29),ISBLANK(O29)),1,0) -> 0 | T29: =IF(AND(S29=1,OR(ISBLANK(L29),L29="-")),1,0) -> 0 | U29: =IF(H29<ReportDate,1,0) -> 0
A30: 006SYNQ30000042 | B30: MX | C30: =VLOOKUP(B30,'Lookup Data'!$A$4:$B$20,2,FALSE()) -> LATAM | D30: Osprey Brands | E30: Owner LAT03 | F30: Commercial Agreement | G30: 4 - Pipeline | H30: 45907 | I30: Q3-2025 | J30: =TRUE() -> TRUE | K30: 5060 | L30: 13773432 | N30: Central | O30: Brazil | P30: =IF(G30="-",1,0) -> 0 | Q30: =IF(N(K30)=0,1,0) -> 0 | R30: =IF(AND(J30=TRUE(),N(K30)=0),1,0) -> 0 | S30: =IF(OR(ISBLANK(M30),ISBLANK(N30),ISBLANK(O30)),1,0) -> 1 | T30: =IF(AND(S30=1,OR(ISBLANK(L30),L30="-")),1,0) -> 0 | U30: =IF(H30<ReportDate,1,0) -> 0
A31: 006SYNQ30000036 | B31: MX | C31: =VLOOKUP(B31,'Lookup Data'!$A$4:$B$20,2,FALSE()) -> LATAM | D31: Falcon Media | E31: Owner LAT06 | F31: Tech Agreement | G31: - | H31: 45859 | I31: Q3-2025 | J31: =FALSE() -> FALSE | K31: 17510 | L31: 18312894 | O31: Brazil | P31: =IF(G31="-",1,0) -> 1 | Q31: =IF(N(K31)=0,1,0) -> 0 | R31: =IF(AND(J31=TRUE(),N(K31)=0),1,0) -> 0 | S31: =IF(OR(ISBLANK(M31),ISBLANK(N31),ISBLANK(O31)),1,0) -> 1 | T31: =IF(AND(S31=1,OR(ISBLANK(L31),L31="-")),1,0) -> 0 | U31: =IF(H31<ReportDate,1,0) -> 0
A32: 006SYNQ30000114 | B32: AT | C32: =VLOOKUP(B32,'Lookup Data'!$A$4:$B$20,2,FALSE()) -> MEE | D32: Delmar Media | E32: Owner MEE05 | F32: Tech Agreement | G32: 3 - Best Case | H32: 45842 | I32: Q4-2025 | J32: =FALSE() -> FALSE | K32: 12100 | L32: 18493199 | N32: West | O32: Germany | P32: =IF(G32="-",1,0) -> 0 | Q32: =IF(N(K32)=0,1,0) -> 0 | R32: =IF(AND(J32=TRUE(),N(K32)=0),1,0) -> 0 | S32: =IF(OR(ISBLANK(M32),ISBLANK(N32),ISBLANK(O32)),1,0) -> 1 | T32: =IF(AND(S32=1,OR(ISBLANK(L32),L32="-")),1,0) -> 0 | U32: =IF(H32<ReportDate,1,0) -> 1
A33: 006SYNQ30000137 | B33: HK | C33: =VLOOKUP(B33,'Lookup Data'!$A$4:$B$20,2,FALSE()) -> GCN | D33: Lumen Sports | E33: Owner GCN01 | F33: Business chemistry & Scoping | G33: 4 - Pipeline | H33: 45918 | I33: Q3-2025 | J33: =TRUE() -> TRUE | K33: 0 | L33: 15160350 | O33: Hong Kong | P33: =IF(G33="-",1,0) -> 0 | Q33: =IF(N(K33)=0,1,0) -> 1 | R33: =IF(AND(J33=TRUE(),N(K33)=0),1,0) -> 1 | S33: =IF(OR(ISBLANK(M33),ISBLANK(N33),ISBLANK(O33)),1,0) -> 1 | T33: =IF(AND(S33=1,OR(ISBLANK(L33),L33="-")),1,0) -> 0 | U33: =IF(H33<ReportDate,1,0) -> 0
A34: 006SYNQ30000040 | B34: BR | C34: =VLOOKUP(B34,'Lookup Data'!$A$4:$B$20,2,FALSE()) -> LATAM | D34: Falcon Brands | E34: Owner LAT04 | F34: Contracting | G34: 3 - Best Case | H34: 45986 | I34: Q4-2025 | J34: =TRUE() -> TRUE | K34: 10180 | L34: - | O34: Brazil | P34: =IF(G34="-",1,0) -> 0 | Q34: =IF(N(K34)=0,1,0) -> 0 | R34: =IF(AND(J34=TRUE(),N(K34)=0),1,0) -> 0 | S34: =IF(OR(ISBLANK(M34),ISBLANK(N34),ISBLANK(O34)),1,0) -> 1 | T34: =IF(AND(S34=1,OR(ISBLANK(L34),L34="-")),1,0) -> 1 | U34: =IF(H34<ReportDate,1,0) -> 0
A35: 006SYNQ30000082 | B35: FR | C35: =VLOOKUP(B35,'Lookup Data'!$A$4:$B$20,2,FALSE()) -> EMEA S | D35: Falcon Telecom | E35: Owner EME03 | F35: Solution Presentation | G35: 1 - Commit | H35: 45881 | I35: Q3-2025 | J35: =FALSE() -> FALSE | K35: 24070 | L35: 11541289 | M35: 32 Station Way | N35: North | O35: France | P35: =IF(G35="-",1,0) -> 0 | Q35: =IF(N(K35)=0,1,0) -> 0 | R35: =IF(AND(J35=TRUE(),N(K35)=0),1,0) -> 0 | S35: =IF(OR(ISBLANK(M35),ISBLANK(N35),ISBLANK(O35)),1,0) -> 0 | T35: =IF(AND(S35=1,OR(ISBLANK(L35),L35="-")),1,0) -> 0 | U35: =IF(H35<ReportDate,1,0) -> 0
A36: 006SYNQ30000093 | B36: TR | C36: =VLOOKUP(B36,'Lookup Data'!$A$4:$B$20,2,FALSE()) -> EMEA S | D36: Osprey Travel | E36: Owner EME06 | F36: Solution Presentation | G36: 4 - Pipeline | H36: 45927 | I36: Q3-2025 | J36: =TRUE() -> TRUE | K36: 13660 | L36: 12519485 | M36: 63 Station Way | N36: West | O36: France | P36: =IF(G36="-",1,0) -> 0 | Q36: =IF(N(K36)=0,1,0) -> 0 | R36: =IF(AND(J36=TRUE(),N(K36)=0),1,0) -> 0 | S36: =IF(OR(ISBLANK(M36),ISBLANK(N36),ISBLANK(O36)),1,0) -> 0 | T36: =IF(AND(S36=1,OR(ISBLANK(L36),L36="-")),1,0) -> 0 | U36: =IF(H36<ReportDate,1,0) -> 0
A37: 006SYNQ30000001 | B37: US | C37: =VLOOKUP(B37,'Lookup Data'!$A$4:$B$20,2,FALSE()) -> NA | D37: Birch Brands | E37: Owner NA02 | F37: Contracting | G37: - | H37: 45908 | I37: Q3-2025 | J37: =FALSE() -> FALSE | K37: 9890 | L37: - | O37: United States | P37: =IF(G37="-",1,0) -> 1 | Q37: =IF(N(K37)=0,1,0) -> 0 | R37: =IF(AND(J37=TRUE(),N(K37)=0),1,0) -> 0 | S37: =IF(OR(ISBLANK(M37),ISBLANK(N37),ISBLANK(O37)),1,0) -> 1 | T37: =IF(AND(S37=1,OR(ISBLANK(L37),L37="-")),1,0) -> 1 | U37: =IF(H37<ReportDate,1,0) -> 0
A38: 006SYNQ30000128 | B38: SG | C38: =VLOOKUP(B38,'Lookup Data'!$A$4:$B$20,2,FALSE()) -> APJ | D38: Tidal Outfitters | E38: Owner APJ03 | F38: Business chemistry & Scoping | G38: 3 - Best Case | H38: 46012 | I38: Q4-2025 | J38: =FALSE() -> FALSE | K38: 12260 | L38: 10019228 | M38: 202 Station Way | N38: West | O38: Australia | P38: =IF(G38="-",1,0) -> 0 | Q38: =IF(N(K38)=0,1,0) -> 0 | R38: =IF(AND(J38=TRUE(),N(K38)=0),1,0) -> 0 | S38: =IF(OR(ISBLANK(M38),ISBLANK(N38),ISBLANK(O38)),1,0) -> 0 | T38: =IF(AND(S38=1,OR(ISBLANK(L38),L38="-")),1,0) -> 0 | U38: =IF(H38<ReportDate,1,0) -> 0
A39: 006SYNQ30000058 | B39: SE | C39: =VLOOKUP(B39,'Lookup Data'!$A$4:$B$20,2,FALSE()) -> EMEA N | D39: Kingsley Outfitters | E39: Owner EME06 | F39: Tech Agreement | G39: 4 - Pipeline | H39: 45860 | I39: Q3-2025 | J39: =TRUE() -> TRUE | K39: 1250 | L39: 17440395 | M39: 13 Park Avenue | N39: Central | O39: United Kingdom | P39: =IF(G39="-",1,0) -> 0 | Q39: =IF(N(K39)=0,1,0) -> 0 | R39: =IF(AND(J39=TRUE(),N(K39)=0),1,0) -> 0 | S39: =IF(OR(ISBLANK(M39),ISBLANK(N39),ISBLANK(O39)),1,0) -> 0 | T39: =IF(AND(S39=1,OR(ISBLANK(L39),L39="-")),1,0) -> 0 | U39: =IF(H39<ReportDate,1,0) -> 0
A40: 006SYNQ30000123 | B40: SG | C40: =VLOOKUP(B40,'Lookup Data'!$A$4:$B$20,2,FALSE()) -> APJ | D40: Ember Brands | E40: Owner APJ02 | F40: Business chemistry & Scoping | G40: 4 - Pipeline | H40: 45884 | I40: Q3-2025 | J40: =TRUE() -> TRUE | K40: 13600 | L40: 12634491 | M40: 213 Station Way | N40: South | O40: Australia | P40: =IF(G40="-",1,0) -> 0 | Q40: =IF(N(K40)=0,1,0) -> 0 | R40: =IF(AND(J40=TRUE(),N(K40)=0),1,0) -> 0 | S40: =IF(OR(ISBLANK(M40),ISBLANK(N40),ISBLANK(O40)),1,0) -> 0 | T40: =IF(AND(S40=1,OR(ISBLANK(L40),L40="-")),1,0) -> 0 | U40: =IF(H40<ReportDate,1,0) -> 0
A41: 006SYNQ30000060 | B41: NL | C41: =VLOOKUP(B41,'Lookup Data'!$A$4:$B$20,2,FALSE()) -> EMEA N | D41: Lumen Sports | E41: Owner EME04 | F41: Solution Presentation | G41: 4 - Pipeline | H41: 45925 | I41: Q3-2025 | J41: =FALSE() -> FALSE | K41: 1460 | L41: 19909999 | M41: 7 High Street | N41: West | O41: United Kingdom | P41: =IF(G41="-",1,0) -> 0 | Q41: =IF(N(K41)=0,1,0) -> 0 | R41: =IF(AND(J41=TRUE(),N(K41)=0),1,0) -> 0 | S41: =IF(OR(ISBLANK(M41),ISBLANK(N41),ISBLANK(O41)),1,0) -> 0 | T41: =IF(AND(S41=1,OR(ISBLANK(L41),L41="-")),1,0) -> 0 | U41: =IF(H41<ReportDate,1,0) -> 0
A42: 006SYNQ30000134 | B42: HK | C42: =VLOOKUP(B42,'Lookup Data'!$A$4:$B$20,2,FALSE()) -> GCN | D42: Delmar Travel | E42: Owner GCN03 | F42: Solution Presentation | G42: 4 - Pipeline | H42: 45852 | I42: Q3-2025 | J42: =FALSE() -> FALSE | K42: 7130 | L42: - | O42: Hong Kong | P42: =IF(G42="-",1,0) -> 0 | Q42: =IF(N(K42)=0,1,0) -> 0 | R42: =IF(AND(J42=TRUE(),N(K42)=0),1,0) -> 0 | S42: =IF(OR(ISBLANK(M42),ISBLANK(N42),ISBLANK(O42)),1,0) -> 1 | T42: =IF(AND(S42=1,OR(ISBLANK(L42),L42="-")),1,0) -> 1 | U42: =IF(H42<ReportDate,1,0) -> 0
A43: 006SYNQ30000055 | B43: UK | C43: =VLOOKUP(B43,'Lookup Data'!$A$4:$B$20,2,FALSE()) -> EMEA N | D43: Garnet Foods | E43: Owner EME05 | F43: Solution Presentation | G43: 3 - Best Case | H43: 45856 | I43: Q3-2025 | J43: =FALSE() -> FALSE | K43: 11450 | L43: 15035609 | M43: 2 High Street | N43: West | O43: United Kingdom | P43: =IF(G43="-",1,0) -> 0 | Q43: =IF(N(K43)=0,1,0) -> 0 | R43: =IF(AND(J43=TRUE(),N(K43)=0),1,0) -> 0 | S43: =IF(OR(ISBLANK(M43),ISBLANK(N43),ISBLANK(O43)),1,0) -> 0 | T43: =IF(AND(S43=1,OR(ISBLANK(L43),L43="-")),1,0) -> 0 | U43: =IF(H43<ReportDate,1,0) -> 0
A44: 006SYNQ30000054 | B44: NL | C44: =VLOOKUP(B44,'Lookup Data'!$A$4:$B$20,2,FALSE()) -> EMEA N | D44: Verity Living | E44: Owner EME05 | F44: Business chemistry & Scoping | G44: 4 - Pipeline | H44: 45916 | I44: Q3-2025 | J44: =TRUE() -> TRUE | K44: 18440 | L44: 19243329 | M44: 141 Park Avenue | N44: South | O44: United Kingdom | P44: =IF(G44="-",1,0) -> 0 | Q44: =IF(N(K44)=0,1,0) -> 0 | R44: =IF(AND(J44=TRUE(),N(K44)=0),1,0) -> 0 | S44: =IF(OR(ISBLANK(M44),ISBLANK(N44),ISBLANK(O44)),1,0) -> 0 | T44: =IF(AND(S44=1,OR(ISBLANK(L44),L44="-")),1,0) -> 0 | U44: =IF(H44<ReportDate,1,0) -> 0
A45: 006SYNQ30000130 | B45: HK | C45: =VLOOKUP(B45,'Lookup Data'!$A$4:$B$20,2,FALSE()) -> GCN | D45: Ember Foods | E45: Owner GCN05 | F45: Business chemistry & Scoping | G45: 3 - Best Case | H45: 45870 | I45: Q3-2025 | J45: =FALSE() -> FALSE | K45: 19720 | L45: 10977097 | O45: Hong Kong | P45: =IF(G45="-",1,0) -> 0 | Q45: =IF(N(K45)=0,1,0) -> 0 | R45: =IF(AND(J45=TRUE(),N(K45)=0),1,0) -> 0 | S45: =IF(OR(ISBLANK(M45),ISBLANK(N45),ISBLANK(O45)),1,0) -> 1 | T45: =IF(AND(S45=1,OR(ISBLANK(L45),L45="-")),1,0) -> 0 | U45: =IF(H45<ReportDate,1,0) -> 0
A46: 006SYNQ30000037 | B46: MX | C46: =VLOOKUP(B46,'Lookup Data'!$A$4:$B$20,2,FALSE()) -> LATAM | D46: Moreland Living | E46: Owner LAT01 | F46: Business chemistry & Scoping | G46: 4 - Pipeline | H46: 45916 | I46: Q3-2025 | J46: =TRUE() -> TRUE | K46: 5160 | L46: 11376842 | M46: 167 Station Way | N46: West | O46: Brazil | P46: =IF(G46="-",1,0) -> 0 | Q46: =IF(N(K46)=0,1,0) -> 0 | R46: =IF(AND(J46=TRUE(),N(K46)=0),1,0) -> 0 | S46: =IF(OR(ISBLANK(M46),ISBLANK(N46),ISBLANK(O46)),1,0) -> 0 | T46: =IF(AND(S46=1,OR(ISBLANK(L46),L46="-")),1,0) -> 0 | U46: =IF(H46<ReportDate,1,0) -> 0
A47: 006SYNQ30000020 | B47: CA | C47: =VLOOKUP(B47,'Lookup Data'!$A$4:$B$20,2,FALSE()) -> NA | D47: Delmar Telecom | E47: Owner NA01 | F47: Solution Presentation | G47: 3 - Best Case | H47: 45888 | I47: Q3-2025 | J47: =FALSE() -> FALSE | K47: 22910 | L47: 15221114 | M47: 176 Park Avenue | N47: South | O47: United States | P47: =IF(G47="-",1,0) -> 0 | Q47: =IF(N(K47)=0,1,0) -> 0 | R47: =IF(AND(J47=TRUE(),N(K47)=0),1,0) -> 0 | S47: =IF(OR(ISBLANK(M47),ISBLANK(N47),ISBLANK(O47)),1,0) -> 0 | T47: =IF(AND(S47=1,OR(ISBLANK(L47),L47="-")),1,0) -> 0 | U47: =IF(H47<ReportDate,1,0) -> 0
A48: 006SYNQ30000018 | B48: US | C48: =VLOOKUP(B48,'Lookup Data'!$A$4:$B$20,2,FALSE()) -> NA | D48: Tidal Travel | E48: Owner NA03 | F48: Solution Presentation | G48: 1 - Commit | H48: 45863 | I48: Q3-2025 | J48: =FALSE() -> FALSE | K48: 4840 | L48: 12628314 | M48: 146 Station Way | N48: South | O48: United States | P48: =IF(G48="-",1,0) -> 0 | Q48: =IF(N(K48)=0,1,0) -> 0 | R48: =IF(AND(J48=TRUE(),N(K48)=0),1,0) -> 0 | S48: =IF(OR(ISBLANK(M48),ISBLANK(N48),ISBLANK(O48)),1,0) -> 0 | T48: =IF(AND(S48=1,OR(ISBLANK(L48),L48="-")),1,0) -> 0 | U48: =IF(H48<ReportDate,1,0) -> 0
A49: 006SYNQ30000117 | B49: PL | C49: =VLOOKUP(B49,'Lookup Data'!$A$4:$B$20,2,FALSE()) -> MEE | D49: Jasper Brands | E49: Owner MEE02 | F49: Tech Agreement | G49: 4 - Pipeline | H49: 45845 | I49: Q3-2025 | J49: =FALSE() -> FALSE | K49: 23620 | L49: 18495870 | M49: 105 Market Road | N49: Central | O49: Germany | P49: =IF(G49="-",1,0) -> 0 | Q49: =IF(N(K49)=0,1,0) -> 0 | R49: =IF(AND(J49=TRUE(),N(K49)=0),1,0) -> 0 | S49: =IF(OR(ISBLANK(M49),ISBLANK(N49),ISBLANK(O49)),1,0) -> 0 | T49: =IF(AND(S49=1,OR(ISBLANK(L49),L49="-")),1,0) -> 0 | U49: =IF(H49<ReportDate,1,0) -> 1
A50: 006SYNQ30000110 | B50: PL | C50: =VLOOKUP(B50,'Lookup Data'!$A$4:$B$20,2,FALSE()) -> MEE | D50: Upton Foods | E50: Owner MEE02 | F50: Contracting | G50: - | H50: 45842 | I50: Q3-2025 | J50: =FALSE() -> FALSE | K50: 19100 | L50: 15092166 | O50: Germany | P50: =IF(G50="-",1,0) -> 1 | Q50: =IF(N(K50)=0,1,0) -> 0 | R50: =IF(AND(J50=TRUE(),N(K50)=0),1,0) -> 0 | S50: =IF(OR(ISBLANK(M50),ISBLANK(N50),ISBLANK(O50)),1,0) -> 1 | T50: =IF(AND(S50=1,OR(ISBLANK(L50),L50="-")),1,0) -> 0 | U50: =IF(H50<ReportDate,1,0) -> 1
A51: 006SYNQ30000027 | B51: MX | C51: =VLOOKUP(B51,'Lookup Data'!$A$4:$B$20,2,FALSE()) -> LATAM | D51: Upton Beauty | E51: Owner LAT05 | F51: Tech Agreement | G51: 4 - Pipeline | H51: 45932 | I51: Q4-2025 | J51: =TRUE() -> TRUE | K51: 4290 | L51: 10730487 | O51: Brazil | P51: =IF(G51="-",1,0) -> 0 | Q51: =IF(N(K51)=0,1,0) -> 0 | R51: =IF(AND(J51=TRUE(),N(K51)=0),1,0) -> 0 | S51: =IF(OR(ISBLANK(M51),ISBLANK(N51),ISBLANK(O51)),1,0) -> 1 | T51: =IF(AND(S51=1,OR(ISBLANK(L51),L51="-")),1,0) -> 0 | U51: =IF(H51<ReportDate,1,0) -> 0
A52: 006SYNQ30000019 | B52: CA | C52: =VLOOKUP(B52,'Lookup Data'!$A$4:$B$20,2,FALSE()) -> NA | D52: Jasper Foods | E52: Owner NA05 | F52: Tech Agreement | G52: 4 - Pipeline | H52: 45928 | I52: Q3-2025 | J52: =TRUE() -> TRUE | K52: 5450 | L52: 17825977 | M52: 157 High Street | N52: West | O52: United States | P52: =IF(G52="-",1,0) -> 0 | Q52: =IF(N(K52)=0,1,0) -> 0 | R52: =IF(AND(J52=TRUE(),N(K52)=0),1,0) -> 0 | S52: =IF(OR(ISBLANK(M52),ISBLANK(N52),ISBLANK(O52)),1,0) -> 0 | T52: =IF(AND(S52=1,OR(ISBLANK(L52),L52="-")),1,0) -> 0 | U52: =IF(H52<ReportDate,1,0) -> 0
A53: 006SYNQ30000003 | B53: US | C53: =VLOOKUP(B53,'Lookup Data'!$A$4:$B$20,2,FALSE()) -> NA | D53: Kingsley Media | E53: Owner NA04 | F53: Solution Presentation | G53: 4 - Pipeline | H53: 45861 | I53: Q3-2025 | J53: =FALSE() -> FALSE | K53: 24710 | L53: - | O53: United States | P53: =IF(G53="-",1,0) -> 0 | Q53: =IF(N(K53)=0,1,0) -> 0 | R53: =IF(AND(J53=TRUE(),N(K53)=0),1,0) -> 0 | S53: =IF(OR(ISBLANK(M53),ISBLANK(N53),ISBLANK(O53)),1,0) -> 1 | T53: =IF(AND(S53=1,OR(ISBLANK(L53),L53="-")),1,0) -> 1 | U53: =IF(H53<ReportDate,1,0) -> 0
A54: 006SYNQ30000038 | B54: BR | C54: =VLOOKUP(B54,'Lookup Data'!$A$4:$B$20,2,FALSE()) -> LATAM | D54: Harbor Retail | E54: Owner LAT03 | F54: Commercial Agreement | G54: 4 - Pipeline | H54: 45927 | I54: Q3-2025 | J54: =FALSE() -> FALSE | K54: 0 | L54: 10002977 | N54: North | O54: Brazil | P54: =IF(G54="-",1,0) -> 0 | Q54: =IF(N(K54)=0,1,0) -> 1 | R54: =IF(AND(J54=TRUE(),N(K54)=0),1,0) -> 0 | S54: =IF(OR(ISBLANK(M54),ISBLANK(N54),ISBLANK(O54)),1,0) -> 1 | T54: =IF(AND(S54=1,OR(ISBLANK(L54),L54="-")),1,0) -> 0 | U54: =IF(H54<ReportDate,1,0) -> 0
A55: 006SYNQ30000002 | B55: CA | C55: =VLOOKUP(B55,'Lookup Data'!$A$4:$B$20,2,FALSE()) -> NA | D55: Osprey Outfitters | E55: Owner NA05 | F55: Commercial Agreement | G55: 4 - Pipeline | H55: 45844 | I55: Q3-2025 | J55: =FALSE() -> FALSE | K55: 0 | L55: 13492638 | O55: United States | P55: =IF(G55="-",1,0) -> 0 | Q55: =IF(N(K55)=0,1,0) -> 1 | R55: =IF(AND(J55=TRUE(),N(K55)=0),1,0) -> 0 | S55: =IF(OR(ISBLANK(M55),ISBLANK(N55),ISBLANK(O55)),1,0) -> 1 | T55: =IF(AND(S55=1,OR(ISBLANK(L55),L55="-")),1,0) -> 0 | U55: =IF(H55<ReportDate,1,0) -> 1
A56: 006SYNQ30000124 | B56: AU | C56: =VLOOKUP(B56,'Lookup Data'!$A$4:$B$20,2,FALSE()) -> APJ | D56: Pioneer Brands | E56: Owner APJ01 | F56: Tech Agreement | G56: 4 - Pipeline | H56: 45900 | I56: Q3-2025 | J56: =FALSE() -> FALSE | K56: 9360 | L56: 11434865 | M56: 23 Market Road | N56: South | O56: Australia | P56: =IF(G56="-",1,0) -> 0 | Q56: =IF(N(K56)=0,1,0) -> 0 | R56: =IF(AND(J56=TRUE(),N(K56)=0),1,0) -> 0 | S56: =IF(OR(ISBLANK(M56),ISBLANK(N56),ISBLANK(O56)),1,0) -> 0 | T56: =IF(AND(S56=1,OR(ISBLANK(L56),L56="-")),1,0) -> 0 | U56: =IF(H56<ReportDate,1,0) -> 0
A57: 006SYNQ30000030 | B57: MX | C57: =VLOOKUP(B57,'Lookup Data'!$A$4:$B$20,2,FALSE()) -> LATAM | D57: Falcon Telecom | E57: Owner LAT04 | F57: Solution Presentation | G57: 4 - Pipeline | H57: 45898 | I57: Q3-2025 | J57: =FALSE() -> FALSE | K57: 16710 | L57: - | O57: Brazil | P57: =IF(G57="-",1,0) -> 0 | Q57: =IF(N(K57)=0,1,0) -> 0 | R57: =IF(AND(J57=TRUE(),N(K57)=0),1,0) -> 0 | S57: =IF(OR(ISBLANK(M57),ISBLANK(N57),ISBLANK(O57)),1,0) -> 1 | T57: =IF(AND(S57=1,OR(ISBLANK(L57),L57="-")),1,0) -> 1 | U57: =IF(H57<ReportDate,1,0) -> 0
A58: 006SYNQ30000070 | B58: UK | C58: =VLOOKUP(B58,'Lookup Data'!$A$4:$B$20,2,FALSE()) -> EMEA N | D58: Arlo Outfitters | E58: Owner EME06 | F58: Business chemistry & Scoping | G58: 2 - Most Likely | H58: 45900 | I58: Q3-2025 | J58: =FALSE() -> FALSE | K58: 10760 | L58: 15375438 | M58: 73 Park Avenue | N58: West | O58: United Kingdom | P58: =IF(G58="-",1,0) -> 0 | Q58: =IF(N(K58)=0,1,0) -> 0 | R58: =IF(AND(J58=TRUE(),N(K58)=0),1,0) -> 0 | S58: =IF(OR(ISBLANK(M58),ISBLANK(N58),ISBLANK(O58)),1,0) -> 0 | T58: =IF(AND(S58=1,OR(ISBLANK(L58),L58="-")),1,0) -> 0 | U58: =IF(H58<ReportDate,1,0) -> 0
A59: 006SYNQ30000012 | B59: CA | C59: =VLOOKUP(B59,'Lookup Data'!$A$4:$B$20,2,FALSE()) -> NA | D59: Pioneer Media | E59: Owner NA03 | F59: Commercial Agreement | G59: 4 - Pipeline | H59: 45891 | I59: Q3-2025 | J59: =FALSE() -> FALSE | K59: 19680 | L59: - | O59: United States | P59: =IF(G59="-",1,0) -> 0 | Q59: =IF(N(K59)=0,1,0) -> 0 | R59: =IF(AND(J59=TRUE(),N(K59)=0),1,0) -> 0 | S59: =IF(OR(ISBLANK(M59),ISBLANK(N59),ISBLANK(O59)),1,0) -> 1 | T59: =IF(AND(S59=1,OR(ISBLANK(L59),L59="-")),1,0) -> 1 | U59: =IF(H59<ReportDate,1,0) -> 0
A60: 006SYNQ30000009 | B60: CA | C60: =VLOOKUP(B60,'Lookup Data'!$A$4:$B$20,2,FALSE()) -> NA | D60: Upton Foods | E60: Owner NA06 | F60: Solution Presentation | G60: - | H60: 45878 | I60: Q3-2025 | J60: =FALSE() -> FALSE | K60: 21650 | L60: 13076770 | O60: United States | P60: =IF(G60="-",1,0) -> 1 | Q60: =IF(N(K60)=0,1,0) -> 0 | R60: =IF(AND(J60=TRUE(),N(K60)=0),1,0) -> 0 | S60: =IF(OR(ISBLANK(M60),ISBLANK(N60),ISBLANK(O60)),1,0) -> 1 | T60: =IF(AND(S60=1,OR(ISBLANK(L60),L60="-")),1,0) -> 0 | U60: =IF(H60<ReportDate,1,0) -> 0
A61: 006SYNQ30000105 | B61: PL | C61: =VLOOKUP(B61,'Lookup Data'!$A$4:$B$20,2,FALSE()) -> MEE | D61: Delmar Telecom | E61: Owner MEE02 | F61: Solution Presentation | G61: 3 - Best Case | H61: 46005 | I61: Q4-2025 | J61: =TRUE() -> TRUE | K61: 22930 | L61: - | O61: Germany | P61: =IF(G61="-",1,0) -> 0 | Q61: =IF(N(K61)=0,1,0) -> 0 | R61: =IF(AND(J61=TRUE(),N(K61)=0),1,0) -> 0 | S61: =IF(OR(ISBLANK(M61),ISBLANK(N61),ISBLANK(O61)),1,0) -> 1 | T61: =IF(AND(S61=1,OR(ISBLANK(L61),L61="-")),1,0) -> 1 | U61: =IF(H61<ReportDate,1,0) -> 0
A62: 006SYNQ30000102 | B62: PL | C62: =VLOOKUP(B62,'Lookup Data'!$A$4:$B$20,2,FALSE()) -> MEE | D62: Nimbus Living | E62: Owner MEE06 | F62: Contracting | G62: 2 - Most Likely | H62: 45871 | I62: Q3-2025 | J62: =TRUE() -> TRUE | K62: 15400 | L62: 19417332 | M62: 65 Market Road | N62: Central | O62: Germany | P62: =IF(G62="-",1,0) -> 0 | Q62: =IF(N(K62)=0,1,0) -> 0 | R62: =IF(AND(J62=TRUE(),N(K62)=0),1,0) -> 0 | S62: =IF(OR(ISBLANK(M62),ISBLANK(N62),ISBLANK(O62)),1,0) -> 0 | T62: =IF(AND(S62=1,OR(ISBLANK(L62),L62="-")),1,0) -> 0 | U62: =IF(H62<ReportDate,1,0) -> 0
A63: 006SYNQ30000052 | B63: NL | C63: =VLOOKUP(B63,'Lookup Data'!$A$4:$B$20,2,FALSE()) -> EMEA N | D63: Quarry Foods | E63: Owner EME03 | F63: Solution Presentation | G63: 2 - Most Likely | H63: 45919 | I63: Q3-2025 | J63: =TRUE() -> TRUE | K63: 5580 | L63: 11364777 | M63: 15 High Street | N63: North | O63: United Kingdom | P63: =IF(G63="-",1,0) -> 0 | Q63: =IF(N(K63)=0,1,0) -> 0 | R63: =IF(AND(J63=TRUE(),N(K63)=0),1,0) -> 0 | S63: =IF(OR(ISBLANK(M63),ISBLANK(N63),ISBLANK(O63)),1,0) -> 0 | T63: =IF(AND(S63=1,OR(ISBLANK(L63),L63="-")),1,0) -> 0 | U63: =IF(H63<ReportDate,1,0) -> 0
A64: 006SYNQ30000073 | B64: UK | C64: =VLOOKUP(B64,'Lookup Data'!$A$4:$B$20,2,FALSE()) -> EMEA N | D64: Iris Travel | E64: Owner EME02 | F64: Solution Presentation | G64: 4 - Pipeline | H64: 46003 | I64: Q4-2025 | J64: =FALSE() -> FALSE | K64: 10380 | L64: 19281112 | M64: 109 Park Avenue | N64: North | O64: United Kingdom | P64: =IF(G64="-",1,0) -> 0 | Q64: =IF(N(K64)=0,1,0) -> 0 | R64: =IF(AND(J64=TRUE(),N(K64)=0),1,0) -> 0 | S64: =IF(OR(ISBLANK(M64),ISBLANK(N64),ISBLANK(O64)),1,0) -> 0 | T64: =IF(AND(S64=1,OR(ISBLANK(L64),L64="-")),1,0) -> 0 | U64: =IF(H64<ReportDate,1,0) -> 0
A65: 006SYNQ30000085 | B65: FR | C65: =VLOOKUP(B65,'Lookup Data'!$A$4:$B$20,2,FALSE()) -> EMEA S | D65: Rowan Media | E65: Owner EME03 | F65: Business chemistry & Scoping | G65: 3 - Best Case | H65: 45851 | I65: Q3-2025 | J65: =TRUE() -> TRUE | K65: 10240 | L65: 17960751 | M65: 79 Station Way | N65: West | O65: France | P65: =IF(G65="-",1,0) -> 0 | Q65: =IF(N(K65)=0,1,0) -> 0 | R65: =IF(AND(J65=TRUE(),N(K65)=0),1,0) -> 0 | S65: =IF(OR(ISBLANK(M65),ISBLANK(N65),ISBLANK(O65)),1,0) -> 0 | T65: =IF(AND(S65=1,OR(ISBLANK(L65),L65="-")),1,0) -> 0 | U65: =IF(H65<ReportDate,1,0) -> 0
A66: 006SYNQ30000095 | B66: AT | C66: =VLOOKUP(B66,'Lookup Data'!$A$4:$B$20,2,FALSE()) -> MEE | D66: Lumen Beauty | E66: Owner MEE03 | F66: Solution Presentation | G66: 4 - Pipeline | H66: 45871 | I66: Q3-2025 | J66: =TRUE() -> TRUE | K66: 6240 | L66: 18227984 | M66: 155 Station Way | N66: Central | O66: Germany | P66: =IF(G66="-",1,0) -> 0 | Q66: =IF(N(K66)=0,1,0) -> 0 | R66: =IF(AND(J66=TRUE(),N(K66)=0),1,0) -> 0 | S66: =IF(OR(ISBLANK(M66),ISBLANK(N66),ISBLANK(O66)),1,0) -> 0 | T66: =IF(AND(S66=1,OR(ISBLANK(L66),L66="-")),1,0) -> 0 | U66: =IF(H66<ReportDate,1,0) -> 0
A67: 006SYNQ30000100 | B67: DE | C67: =VLOOKUP(B67,'Lookup Data'!$A$4:$B$20,2,FALSE()) -> MEE | D67: Garnet Outfitters | E67: Owner MEE02 | F67: Tech Agreement | G67: 1 - Commit | H67: 45895 | I67: Q3-2025 | J67: =TRUE() -> TRUE | K67: 13860 | L67: 13254097 | O67: Germany | P67: =IF(G67="-",1,0) -> 0 | Q67: =IF(N(K67)=0,1,0) -> 0 | R67: =IF(AND(J67=TRUE(),N(K67)=0),1,0) -> 0 | S67: =IF(OR(ISBLANK(M67),ISBLANK(N67),ISBLANK(O67)),1,0) -> 1 | T67: =IF(AND(S67=1,OR(ISBLANK(L67),L67="-")),1,0) -> 0 | U67: =IF(H67<ReportDate,1,0) -> 0
A68: 006SYNQ30000132 | B68: CN | C68: =VLOOKUP(B68,'Lookup Data'!$A$4:$B$20,2,FALSE()) -> GCN | D68: Ember Foods | E68: Owner GCN01 | F68: Business chemistry & Scoping | G68: 4 - Pipeline | H68: 45894 | I68: Q3-2025 | J68: =FALSE() -> FALSE | K68: 16330 | L68: - | O68: Hong Kong | P68: =IF(G68="-",1,0) -> 0 | Q68: =IF(N(K68)=0,1,0) -> 0 | R68: =IF(AND(J68=TRUE(),N(K68)=0),1,0) -> 0 | S68: =IF(OR(ISBLANK(M68),ISBLANK(N68),ISBLANK(O68)),1,0) -> 1 | T68: =IF(AND(S68=1,OR(ISBLANK(L68),L68="-")),1,0) -> 1 | U68: =IF(H68<ReportDate,1,0) -> 0
A69: 006SYNQ30000062 | B69: SE | C69: =VLOOKUP(B69,'Lookup Data'!$A$4:$B$20,2,FALSE()) -> EMEA N | D69: Delmar Telecom | E69: Owner EME02 | F69: Solution Presentation | G69: 2 - Most Likely | H69: 45887 | I69: Q3-2025 | J69: =FALSE() -> FALSE | K69: 15510 | L69: 15634029 | M69: 162 Station Way | N69: Central | O69: United Kingdom | P69: =IF(G69="-",1,0) -> 0 | Q69: =IF(N(K69)=0,1,0) -> 0 | R69: =IF(AND(J69=TRUE(),N(K69)=0),1,0) -> 0 | S69: =IF(OR(ISBLANK(M69),ISBLANK(N69),ISBLANK(O69)),1,0) -> 0 | T69: =IF(AND(S69=1,OR(ISBLANK(L69),L69="-")),1,0) -> 0 | U69: =IF(H69<ReportDate,1,0) -> 0
A70: 006SYNQ30000127 | B70: AU | C70: =VLOOKUP(B70,'Lookup Data'!$A$4:$B$20,2,FALSE()) -> APJ | D70: Garnet Foods | E70: Owner APJ01 | F70: Tech Agreement | G70: 4 - Pipeline | H70: 45892 | I70: Q3-2025 | J70: =FALSE() -> FALSE | K70: 0 | L70: 10252108 | M70: 77 Park Avenue | N70: South | O70: Australia | P70: =IF(G70="-",1,0) -> 0 | Q70: =IF(N(K70)=0,1,0) -> 1 | R70: =IF(AND(J70=TRUE(),N(K70)=0),1,0) -> 0 | S70: =IF(OR(ISBLANK(M70),ISBLANK(N70),ISBLANK(O70)),1,0) -> 0 | T70: =IF(AND(S70=1,OR(ISBLANK(L70),L70="-")),1,0) -> 0 | U70: =IF(H70<ReportDate,1,0) -> 0
A71: 006SYNQ30000099 | B71: AT | C71: =VLOOKUP(B71,'Lookup Data'!$A$4:$B$20,2,FALSE()) -> MEE | D71: Jasper Living | E71: Owner MEE04 | F71: Commercial Agreement | G71: 4 - Pipeline | H71: 45896 | I71: Q3-2025 | J71: =TRUE() -> TRUE | K71: 18060 | L71: - | O71: Germany | P71: =IF(G71="-",1,0) -> 0 | Q71: =IF(N(K71)=0,1,0) -> 0 | R71: =IF(AND(J71=TRUE(),N(K71)=0),1,0) -> 0 | S71: =IF(OR(ISBLANK(M71),ISBLANK(N71),ISBLANK(O71)),1,0) -> 1 | T71: =IF(AND(S71=1,OR(ISBLANK(L71),L71="-")),1,0) -> 1 | U71: =IF(H71<ReportDate,1,0) -> 0
A72: 006SYNQ30000067 | B72: NL | C72: =VLOOKUP(B72,'Lookup Data'!$A$4:$B$20,2,FALSE()) -> EMEA N | D72: Jasper Travel | E72: Owner EME06 | F72: Tech Agreement | G72: 2 - Most Likely | H72: 45918 | I72: Q3-2025 | J72: =FALSE() -> FALSE | K72: 17050 | L72: 17203841 | M72: 149 Station Way | N72: West | O72: United Kingdom | P72: =IF(G72="-",1,0) -> 0 | Q72: =IF(N(K72)=0,1,0) -> 0 | R72: =IF(AND(J72=TRUE(),N(K72)=0),1,0) -> 0 | S72: =IF(OR(ISBLANK(M72),ISBLANK(N72),ISBLANK(O72)),1,0) -> 0 | T72: =IF(AND(S72=1,OR(ISBLANK(L72),L72="-")),1,0) -> 0 | U72: =IF(H72<ReportDate,1,0) -> 0
A73: 006SYNQ30000039 | B73: MX | C73: =VLOOKUP(B73,'Lookup Data'!$A$4:$B$20,2,FALSE()) -> LATAM | D73: Moreland Sports | E73: Owner LAT05 | F73: Solution Presentation | G73: 4 - Pipeline | H73: 45847 | I73: Q3-2025 | J73: =TRUE() -> TRUE | K73: 14540 | L73: - | N73: South | O73: Brazil | P73: =IF(G73="-",1,0) -> 0 | Q73: =IF(N(K73)=0,1,0) -> 0 | R73: =IF(AND(J73=TRUE(),N(K73)=0),1,0) -> 0 | S73: =IF(OR(ISBLANK(M73),ISBLANK(N73),ISBLANK(O73)),1,0) -> 1 | T73: =IF(AND(S73=1,OR(ISBLANK(L73),L73="-")),1,0) -> 1 | U73: =IF(H73<ReportDate,1,0) -> 0
A74: 006SYNQ30000008 | B74: US | C74: =VLOOKUP(B74,'Lookup Data'!$A$4:$B$20,2,FALSE()) -> NA | D74: Jasper Media | E74: Owner NA04 | F74: Solution Presentation | G74: 4 - Pipeline | H74: 45976 | I74: Q4-2025 | J74: =FALSE() -> FALSE | K74: 13320 | L74: 15553243 | O74: United States | P74: =IF(G74="-",1,0) -> 0 | Q74: =IF(N(K74)=0,1,0) -> 0 | R74: =IF(AND(J74=TRUE(),N(K74)=0),1,0) -> 0 | S74: =IF(OR(ISBLANK(M74),ISBLANK(N74),ISBLANK(O74)),1,0) -> 1 | T74: =IF(AND(S74=1,OR(ISBLANK(L74),L74="-")),1,0) -> 0 | U74: =IF(H74<ReportDate,1,0) -> 0
A75: 006SYNQ30000016 | B75: US | C75: =VLOOKUP(B75,'Lookup Data'!$A$4:$B$20,2,FALSE()) -> NA | D75: Jasper Foods | E75: Owner NA01 | F75: Business chemistry & Scoping | G75: 4 - Pipeline | H75: 45874 | I75: Q3-2025 | J75: =FALSE() -> FALSE | K75: 8590 | L75: - | N75: North | O75: United States | P75: =IF(G75="-",1,0) -> 0 | Q75: =IF(N(K75)=0,1,0) -> 0 | R75: =IF(AND(J75=TRUE(),N(K75)=0),1,0) -> 0 | S75: =IF(OR(ISBLANK(M75),ISBLANK(N75),ISBLANK(O75)),1,0) -> 1 | T75: =IF(AND(S75=1,OR(ISBLANK(L75),L75="-")),1,0) -> 1 | U75: =IF(H75<ReportDate,1,0) -> 0
A76: 006SYNQ30000051 | B76: SE | C76: =VLOOKUP(B76,'Lookup Data'!$A$4:$B$20,2,FALSE()) -> EMEA N | D76: Quarry Living | E76: Owner EME03 | F76: Solution Presentation | G76: 3 - Best Case | H76: 45978 | I76: Q4-2025 | J76: =FALSE() -> FALSE | K76: 2360 | L76: 17215876 | M76: 84 Station Way | N76: South | O76: United Kingdom | P76: =IF(G76="-",1,0) -> 0 | Q76: =IF(N(K76)=0,1,0) -> 0 | R76: =IF(AND(J76=TRUE(),N(K76)=0),1,0) -> 0 | S76: =IF(OR(ISBLANK(M76),ISBLANK(N76),ISBLANK(O76)),1,0) -> 0 | T76: =IF(AND(S76=1,OR(ISBLANK(L76),L76="-")),1,0) -> 0 | U76: =IF(H76<ReportDate,1,0) -> 0
A77: 006SYNQ30000101 | B77: DE | C77: =VLOOKUP(B77,'Lookup Data'!$A$4:$B$20,2,FALSE()) -> MEE | D77: Kingsley Outfitters | E77: Owner MEE06 | F77: Solution Presentation | G77: 4 - Pipeline | H77: 45862 | I77: Q3-2025 | J77: =FALSE() -> FALSE | K77: 2660 | L77: 14671008 | M77: 37 Station Way | N77: West | O77: Germany | P77: =IF(G77="-",1,0) -> 0 | Q77: =IF(N(K77)=0,1,0) -> 0 | R77: =IF(AND(J77=TRUE(),N(K77)=0),1,0) -> 0 | S77: =IF(OR(ISBLANK(M77),ISBLANK(N77),ISBLANK(O77)),1,0) -> 0 | T77: =IF(AND(S77=1,OR(ISBLANK(L77),L77="-")),1,0) -> 0 | U77: =IF(H77<ReportDate,1,0) -> 0
A78: 006SYNQ30000053 | B78: UK | C78: =VLOOKUP(B78,'Lookup Data'!$A$4:$B$20,2,FALSE()) -> EMEA N | D78: Iris Telecom | E78: Owner EME04 | F78: Tech Agreement | G78: 4 - Pipeline | H78: 45849 | I78: Q3-2025 | J78: =FALSE() -> FALSE | K78: 7200 | L78: 17475743 | M78: 213 Market Road | N78: West | O78: United Kingdom | P78: =IF(G78="-",1,0) -> 0 | Q78: =IF(N(K78)=0,1,0) -> 0 | R78: =IF(AND(J78=TRUE(),N(K78)=0),1,0) -> 0 | S78: =IF(OR(ISBLANK(M78),ISBLANK(N78),ISBLANK(O78)),1,0) -> 0 | T78: =IF(AND(S78=1,OR(ISBLANK(L78),L78="-")),1,0) -> 0 | U78: =IF(H78<ReportDate,1,0) -> 0
A79: 006SYNQ30000139 | B79: CN | C79: =VLOOKUP(B79,'Lookup Data'!$A$4:$B$20,2,FALSE()) -> GCN | D79: Summit Outfitters | E79: Owner GCN04 | F79: Commercial Agreement | G79: 4 - Pipeline | H79: 45924 | I79: Q3-2025 | J79: =TRUE() -> TRUE | K79: 8770 | L79: 11057477 | O79: Hong Kong | P79: =IF(G79="-",1,0) -> 0 | Q79: =IF(N(K79)=0,1,0) -> 0 | R79: =IF(AND(J79=TRUE(),N(K79)=0),1,0) -> 0 | S79: =IF(OR(ISBLANK(M79),ISBLANK(N79),ISBLANK(O79)),1,0) -> 1 | T79: =IF(AND(S79=1,OR(ISBLANK(L79),L79="-")),1,0) -> 0 | U79: =IF(H79<ReportDate,1,0) -> 0
A80: 006SYNQ30000087 | B80: TR | C80: =VLOOKUP(B80,'Lookup Data'!$A$4:$B$20,2,FALSE()) -> EMEA S | D80: Osprey Media | E80: Owner EME02 | F80: Tech Agreement | G80: 3 - Best Case | H80: 45916 | I80: Q3-2025 | J80: =TRUE() -> TRUE | K80: 18070 | L80: 12225630 | M80: 65 High Street | N80: West | O80: France | P80: =IF(G80="-",1,0) -> 0 | Q80: =IF(N(K80)=0,1,0) -> 0 | R80: =IF(AND(J80=TRUE(),N(K80)=0),1,0) -> 0 | S80: =IF(OR(ISBLANK(M80),ISBLANK(N80),ISBLANK(O80)),1,0) -> 0 | T80: =IF(AND(S80=1,OR(ISBLANK(L80),L80="-")),1,0) -> 0 | U80: =IF(H80<ReportDate,1,0) -> 0
A81: 006SYNQ30000064 | B81: UK | C81: =VLOOKUP(B81,'Lookup Data'!$A$4:$B$20,2,FALSE()) -> EMEA N | D81: Rowan Outfitters | E81: Owner EME03 | F81: Business chemistry & Scoping | G81: 3 - Best Case | H81: 45903 | I81: Q3-2025 | J81: =TRUE() -> TRUE | K81: 5820 | L81: 11392240 | M81: 171 Market Road | N81: South | O81: United Kingdom | P81: =IF(G81="-",1,0) -> 0 | Q81: =IF(N(K81)=0,1,0) -> 0 | R81: =IF(AND(J81=TRUE(),N(K81)=0),1,0) -> 0 | S81: =IF(OR(ISBLANK(M81),ISBLANK(N81),ISBLANK(O81)),1,0) -> 0 | T81: =IF(AND(S81=1,OR(ISBLANK(L81),L81="-")),1,0) -> 0 | U81: =IF(H81<ReportDate,1,0) -> 0
A82: 006SYNQ30000071 | B82: SE | C82: =VLOOKUP(B82,'Lookup Data'!$A$4:$B$20,2,FALSE()) -> EMEA N | D82: Harbor Retail | E82: Owner EME04 | F82: Solution Presentation | G82: 3 - Best Case | H82: 45924 | I82: Q3-2025 | J82: =FALSE() -> FALSE | K82: 11010 | L82: 12408886 | M82: 229 Park Avenue | N82: North | O82: United Kingdom | P82: =IF(G82="-",1,0) -> 0 | Q82: =IF(N(K82)=0,1,0) -> 0 | R82: =IF(AND(J82=TRUE(),N(K82)=0),1,0) -> 0 | S82: =IF(OR(ISBLANK(M82),ISBLANK(N82),ISBLANK(O82)),1,0) -> 0 | T82: =IF(AND(S82=1,OR(ISBLANK(L82),L82="-")),1,0) -> 0 | U82: =IF(H82<ReportDate,1,0) -> 0
A83: 006SYNQ30000103 | B83: PL | C83: =VLOOKUP(B83,'Lookup Data'!$A$4:$B$20,2,FALSE()) -> MEE | D83: Summit Foods | E83: Owner MEE02 | F83: Business chemistry & Scoping | G83: 4 - Pipeline | H83: 45839 | I83: Q3-2025 | J83: =FALSE() -> FALSE | K83: 23910 | L83: 16555826 | O83: Germany | P83: =IF(G83="-",1,0) -> 0 | Q83: =IF(N(K83)=0,1,0) -> 0 | R83: =IF(AND(J83=TRUE(),N(K83)=0),1,0) -> 0 | S83: =IF(OR(ISBLANK(M83),ISBLANK(N83),ISBLANK(O83)),1,0) -> 1 | T83: =IF(AND(S83=1,OR(ISBLANK(L83),L83="-")),1,0) -> 0 | U83: =IF(H83<ReportDate,1,0) -> 1
A84: 006SYNQ30000097 | B84: AT | C84: =VLOOKUP(B84,'Lookup Data'!$A$4:$B$20,2,FALSE()) -> MEE | D84: Birch Foods | E84: Owner MEE03 | F84: Contracting | G84: 4 - Pipeline | H84: 45924 | I84: Q3-2025 | J84: =TRUE() -> TRUE | K84: 6430 | L84: 16485939 | O84: Germany | P84: =IF(G84="-",1,0) -> 0 | Q84: =IF(N(K84)=0,1,0) -> 0 | R84: =IF(AND(J84=TRUE(),N(K84)=0),1,0) -> 0 | S84: =IF(OR(ISBLANK(M84),ISBLANK(N84),ISBLANK(O84)),1,0) -> 1 | T84: =IF(AND(S84=1,OR(ISBLANK(L84),L84="-")),1,0) -> 0 | U84: =IF(H84<ReportDate,1,0) -> 0
A85: 006SYNQ30000090 | B85: TR | C85: =VLOOKUP(B85,'Lookup Data'!$A$4:$B$20,2,FALSE()) -> EMEA S | D85: Falcon Retail | E85: Owner EME04 | F85: Solution Presentation | G85: 3 - Best Case | H85: 45865 | I85: Q3-2025 | J85: =FALSE() -> FALSE | K85: 0 | L85: 11118847 | M85: 209 Station Way | N85: Central | O85: France | P85: =IF(G85="-",1,0) -> 0 | Q85: =IF(N(K85)=0,1,0) -> 1 | R85: =IF(AND(J85=TRUE(),N(K85)=0),1,0) -> 0 | S85: =IF(OR(ISBLANK(M85),ISBLANK(N85),ISBLANK(O85)),1,0) -> 0 | T85: =IF(AND(S85=1,OR(ISBLANK(L85),L85="-")),1,0) -> 0 | U85: =IF(H85<ReportDate,1,0) -> 0
A86: 006SYNQ30000017 | B86: US | C86: =VLOOKUP(B86,'Lookup Data'!$A$4:$B$20,2,FALSE()) -> NA | D86: Delmar Media | E86: Owner NA01 | F86: Business chemistry & Scoping | G86: 3 - Best Case | H86: 45856 | I86: Q3-2025 | J86: =FALSE() -> FALSE | K86: 4520 | L86: 11875103 | M86: 17 Park Avenue | N86: Central | O86: United States | P86: =IF(G86="-",1,0) -> 0 | Q86: =IF(N(K86)=0,1,0) -> 0 | R86: =IF(AND(J86=TRUE(),N(K86)=0),1,0) -> 0 | S86: =IF(OR(ISBLANK(M86),ISBLANK(N86),ISBLANK(O86)),1,0) -> 0 | T86: =IF(AND(S86=1,OR(ISBLANK(L86),L86="-")),1,0) -> 0 | U86: =IF(H86<ReportDate,1,0) -> 0
A87: 006SYNQ30000083 | B87: FR | C87: =VLOOKUP(B87,'Lookup Data'!$A$4:$B$20,2,FALSE()) -> EMEA S | D87: Nimbus Beauty | E87: Owner EME01 | F87: Solution Presentation | G87: - | H87: 45862 | I87: Q3-2025 | J87: =TRUE() -> TRUE | K87: 16270 | L87: 10523353 | M87: 152 Market Road | N87: Central | O87: France | P87: =IF(G87="-",1,0) -> 1 | Q87: =IF(N(K87)=0,1,0) -> 0 | R87: =IF(AND(J87=TRUE(),N(K87)=0),1,0) -> 0 | S87: =IF(OR(ISBLANK(M87),ISBLANK(N87),ISBLANK(O87)),1,0) -> 0 | T87: =IF(AND(S87=1,OR(ISBLANK(L87),L87="-")),1,0) -> 0 | U87: =IF(H87<ReportDate,1,0) -> 0
A88: 006SYNQ30000113 | B88: AT | C88: =VLOOKUP(B88,'Lookup Data'!$A$4:$B$20,2,FALSE()) -> MEE | D88: Verity Brands | E88: Owner MEE06 | F88: Business chemistry & Scoping | G88: 4 - Pipeline | H88: 45867 | I88: Q3-2025 | J88: =FALSE() -> FALSE | K88: 4910 | L88: 13666384 | N88: North | O88: Germany | P88: =IF(G88="-",1,0) -> 0 | Q88: =IF(N(K88)=0,1,0) -> 0 | R88: =IF(AND(J88=TRUE(),N(K88)=0),1,0) -> 0 | S88: =IF(OR(ISBLANK(M88),ISBLANK(N88),ISBLANK(O88)),1,0) -> 1 | T88: =IF(AND(S88=1,OR(ISBLANK(L88),L88="-")),1,0) -> 0 | U88: =IF(H88<ReportDate,1,0) -> 0
A89: 006SYNQ30000115 | B89: AT | C89: =VLOOKUP(B89,'Lookup Data'!$A$4:$B$20,2,FALSE()) -> MEE | D89: Upton Living | E89: Owner MEE03 | F89: Tech Agreement | G89: 3 - Best Case | H89: 45888 | I89: Q3-2025 | J89: =TRUE() -> TRUE | K89: 4010 | L89: 18108327 | M89: 43 Market Road | N89: South | O89: Germany | P89: =IF(G89="-",1,0) -> 0 | Q89: =IF(N(K89)=0,1,0) -> 0 | R89: =IF(AND(J89=TRUE(),N(K89)=0),1,0) -> 0 | S89: =IF(OR(ISBLANK(M89),ISBLANK(N89),ISBLANK(O89)),1,0) -> 0 | T89: =IF(AND(S89=1,OR(ISBLANK(L89),L89="-")),1,0) -> 0 | U89: =IF(H89<ReportDate,1,0) -> 0
A90: 006SYNQ30000116 | B90: AT | C90: =VLOOKUP(B90,'Lookup Data'!$A$4:$B$20,2,FALSE()) -> MEE | D90: Birch Outfitters | E90: Owner MEE02 | F90: Commercial Agreement | G90: 4 - Pipeline | H90: 45842 | I90: Q3-2025 | J90: =FALSE() -> FALSE | K90: 3720 | L90: - | O90: Germany | P90: =IF(G90="-",1,0) -> 0 | Q90: =IF(N(K90)=0,1,0) -> 0 | R90: =IF(AND(J90=TRUE(),N(K90)=0),1,0) -> 0 | S90: =IF(OR(ISBLANK(M90),ISBLANK(N90),ISBLANK(O90)),1,0) -> 1 | T90: =IF(AND(S90=1,OR(ISBLANK(L90),L90="-")),1,0) -> 1 | U90: =IF(H90<ReportDate,1,0) -> 1
A91: 006SYNQ30000059 | B91: UK | C91: =VLOOKUP(B91,'Lookup Data'!$A$4:$B$20,2,FALSE()) -> EMEA N | D91: Iris Beauty | E91: Owner EME06 | F91: Contracting | G91: 4 - Pipeline | H91: 46008 | I91: Q4-2025 | J91: =FALSE() -> FALSE | K91: 17750 | L91: 15069642 | M91: 152 High Street | N91: North | O91: United Kingdom | P91: =IF(G91="-",1,0) -> 0 | Q91: =IF(N(K91)=0,1,0) -> 0 | R91: =IF(AND(J91=TRUE(),N(K91)=0),1,0) -> 0 | S91: =IF(OR(ISBLANK(M91),ISBLANK(N91),ISBLANK(O91)),1,0) -> 0 | T91: =IF(AND(S91=1,OR(ISBLANK(L91),L91="-")),1,0) -> 0 | U91: =IF(H91<ReportDate,1,0) -> 0
A92: 006SYNQ30000088 | B92: TR | C92: =VLOOKUP(B92,'Lookup Data'!$A$4:$B$20,2,FALSE()) -> EMEA S | D92: Summit Retail | E92: Owner EME06 | F92: Solution Presentation | G92: 2 - Most Likely | H92: 45987 | I92: Q4-2025 | J92: =TRUE() -> TRUE | K92: 2490 | L92: 19702939 | M92: 84 Park Avenue | N92: South | O92: France | P92: =IF(G92="-",1,0) -> 0 | Q92: =IF(N(K92)=0,1,0) -> 0 | R92: =IF(AND(J92=TRUE(),N(K92)=0),1,0) -> 0 | S92: =IF(OR(ISBLANK(M92),ISBLANK(N92),ISBLANK(O92)),1,0) -> 0 | T92: =IF(AND(S92=1,OR(ISBLANK(L92),L92="-")),1,0) -> 0 | U92: =IF(H92<ReportDate,1,0) -> 0
A93: 006SYNQ30000081 | B93: ES | C93: =VLOOKUP(B93,'Lookup Data'!$A$4:$B$20,2,FALSE()) -> EMEA S | D93: Lumen Sports | E93: Owner EME06 | F93: Business chemistry & Scoping | G93: 3 - Best Case | H93: 45889 | I93: Q3-2025 | J93: =FALSE() -> FALSE | K93: 0 | L93: 14687804 | M93: 68 Park Avenue | N93: South | O93: France | P93: =IF(G93="-",1,0) -> 0 | Q93: =IF(N(K93)=0,1,0) -> 1 | R93: =IF(AND(J93=TRUE(),N(K93)=0),1,0) -> 0 | S93: =IF(OR(ISBLANK(M93),ISBLANK(N93),ISBLANK(O93)),1,0) -> 0 | T93: =IF(AND(S93=1,OR(ISBLANK(L93),L93="-")),1,0) -> 0 | U93: =IF(H93<ReportDate,1,0) -> 0
A94: 006SYNQ30000135 | B94: CN | C94: =VLOOKUP(B94,'Lookup Data'!$A$4:$B$20,2,FALSE()) -> GCN | D94: Lumen Travel | E94: Owner GCN03 | F94: Business chemistry & Scoping | G94: - | H94: 45965 | I94: Q4-2025 | J94: =FALSE() -> FALSE | K94: 14850 | L94: 12745906 | N94: Central | O94: Hong Kong | P94: =IF(G94="-",1,0) -> 1 | Q94: =IF(N(K94)=0,1,0) -> 0 | R94: =IF(AND(J94=TRUE(),N(K94)=0),1,0) -> 0 | S94: =IF(OR(ISBLANK(M94),ISBLANK(N94),ISBLANK(O94)),1,0) -> 1 | T94: =IF(AND(S94=1,OR(ISBLANK(L94),L94="-")),1,0) -> 0 | U94: =IF(H94<ReportDate,1,0) -> 0
A95: 006SYNQ30000091 | B95: TR | C95: =VLOOKUP(B95,'Lookup Data'!$A$4:$B$20,2,FALSE()) -> EMEA S | D95: Birch Retail | E95: Owner EME06 | F95: Business chemistry & Scoping | G95: 3 - Best Case | H95: 45915 | I95: Q3-2025 | J95: =FALSE() -> FALSE | K95: 18280 | L95: 12300289 | M95: 200 High Street | N95: South | O95: France | P95: =IF(G95="-",1,0) -> 0 | Q95: =IF(N(K95)=0,1,0) -> 0 | R95: =IF(AND(J95=TRUE(),N(K95)=0),1,0) -> 0 | S95: =IF(OR(ISBLANK(M95),ISBLANK(N95),ISBLANK(O95)),1,0) -> 0 | T95: =IF(AND(S95=1,OR(ISBLANK(L95),L95="-")),1,0) -> 0 | U95: =IF(H95<ReportDate,1,0) -> 0
A96: 006SYNQ30000092 | B96: FR | C96: =VLOOKUP(B96,'Lookup Data'!$A$4:$B$20,2,FALSE()) -> EMEA S | D96: Ember Sports | E96: Owner EME04 | F96: Business chemistry & Scoping | G96: 4 - Pipeline | H96: 45956 | I96: Q4-2025 | J96: =FALSE() -> FALSE | K96: 18820 | L96: 14766062 | M96: 112 Park Avenue | N96: South | O96: France | P96: =IF(G96="-",1,0) -> 0 | Q96: =IF(N(K96)=0,1,0) -> 0 | R96: =IF(AND(J96=TRUE(),N(K96)=0),1,0) -> 0 | S96: =IF(OR(ISBLANK(M96),ISBLANK(N96),ISBLANK(O96)),1,0) -> 0 | T96: =IF(AND(S96=1,OR(ISBLANK(L96),L96="-")),1,0) -> 0 | U96: =IF(H96<ReportDate,1,0) -> 0
A97: 006SYNQ30000133 | B97: CN | C97: =VLOOKUP(B97,'Lookup Data'!$A$4:$B$20,2,FALSE()) -> GCN | D97: Garnet Outfitters | E97: Owner GCN04 | F97: Business chemistry & Scoping | G97: 3 - Best Case | H97: 45885 | I97: Q3-2025 | J97: =FALSE() -> FALSE | K97: 15510 | L97: 13396256 | N97: South | O97: Hong Kong | P97: =IF(G97="-",1,0) -> 0 | Q97: =IF(N(K97)=0,1,0) -> 0 | R97: =IF(AND(J97=TRUE(),N(K97)=0),1,0) -> 0 | S97: =IF(OR(ISBLANK(M97),ISBLANK(N97),ISBLANK(O97)),1,0) -> 1 | T97: =IF(AND(S97=1,OR(ISBLANK(L97),L97="-")),1,0) -> 0 | U97: =IF(H97<ReportDate,1,0) -> 0
A98: 006SYNQ30000011 | B98: CA | C98: =VLOOKUP(B98,'Lookup Data'!$A$4:$B$20,2,FALSE()) -> NA | D98: Arlo Media | E98: Owner NA06 | F98: Tech Agreement | G98: 4 - Pipeline | H98: 45887 | I98: Q3-2025 | J98: =TRUE() -> TRUE | K98: 16250 | L98: 12504210 | M98: 179 High Street | N98: West | O98: United States | P98: =IF(G98="-",1,0) -> 0 | Q98: =IF(N(K98)=0,1,0) -> 0 | R98: =IF(AND(J98=TRUE(),N(K98)=0),1,0) -> 0 | S98: =IF(OR(ISBLANK(M98),ISBLANK(N98),ISBLANK(O98)),1,0) -> 0 | T98: =IF(AND(S98=1,OR(ISBLANK(L98),L98="-")),1,0) -> 0 | U98: =IF(H98<ReportDate,1,0) -> 0
A99: 006SYNQ30000107 | B99: PL | C99: =VLOOKUP(B99,'Lookup Data'!$A$4:$B$20,2,FALSE()) -> MEE | D99: Summit Living | E99: Owner MEE03 | F99: Tech Agreement | G99: 3 - Best Case | H99: 45980 | I99: Q4-2025 | J99: =FALSE() -> FALSE | K99: 16430 | L99: 15772774 | O99: Germany | P99: =IF(G99="-",1,0) -> 0 | Q99: =IF(N(K99)=0,1,0) -> 0 | R99: =IF(AND(J99=TRUE(),N(K99)=0),1,0) -> 0 | S99: =IF(OR(ISBLANK(M99),ISBLANK(N99),ISBLANK(O99)),1,0) -> 1 | T99: =IF(AND(S99=1,OR(ISBLANK(L99),L99="-")),1,0) -> 0 | U99: =IF(H99<ReportDate,1,0) -> 0
A100: 006SYNQ30000065 | B100: SE | C100: =VLOOKUP(B100,'Lookup Data'!$A$4:$B$20,2,FALSE()) -> EMEA N | D100: Osprey Beauty | E100: Owner EME03 | F100: Tech Agreement | G100: 4 - Pipeline | H100: 45887 | I100: Q3-2025 | J100: =FALSE() -> FALSE | K100: 0 | L100: 11915897 | M100: 143 Market Road | N100: South | O100: United Kingdom | P100: =IF(G100="-",1,0) -> 0 | Q100: =IF(N(K100)=0,1,0) -> 1 | R100: =IF(AND(J100=TRUE(),N(K100)=0),1,0) -> 0 | S100: =IF(OR(ISBLANK(M100),ISBLANK(N100),ISBLANK(O100)),1,0) -> 0 | T100: =IF(AND(S100=1,OR(ISBLANK(L100),L100="-")),1,0) -> 0 | U100: =IF(H100<ReportDate,1,0) -> 0
...

Sheet Lookup Data
A1: Office to SAP Region
A3: Office | B3: SAP Region | D3: Quarter | F3: Report date
A4: US | B4: NA | D4: Q3-2025 | F4: 45846
A5: CA | B5: NA | D5: Q4-2025
A6: BR | B6: LATAM
A7: MX | B7: LATAM
A8: UK | B8: EMEA N
A9: SE | B9: EMEA N
A10: NL | B10: EMEA N
A11: FR | B11: EMEA S
A12: ES | B12: EMEA S
A13: TR | B13: EMEA S
A14: DE | B14: MEE
A15: AT | B15: MEE
A16: PL | B16: MEE
A17: AU | B17: APJ
... A20: CN | B20: GCN

Sheet Refresh Directions
A1: Refresh directions and handover
A2: Written so the next owner can run the file without me
A4: 1 | B4: Data > Refresh All to update the Salesforce queries and connections.
A5: 2 | B5: Unhide Open General Opps CFY and check the new extract has arrived.
A6: 3 | B6: On SFDC Admin Dashboard, choose the current quarter in B4.
A7: 4 | B7: Hide the extract again and check the dashboard for errors after every refresh, especially lookups.
A8: 5 | B8: In the close dates section, confirm every relevant month is covered.
A9: 6 | B9: Hide Summary Metrics workings and the raw extract before sending.
A10: 7 | B10: Maintenance: make sure no filter is left on the extract, validate the lookups after each refresh, and back the file up monthly with a date stamp.
