Workbook

Sheet README
B1: Pipeline Data Compliance: cleaned rebuild
B2: Cleaned file: real names, figures and records replaced with synthetic data of the same structure.
B4: What this file does
B6: Audits new business opportunity records so that account name, US SIC code and DUNS number agree between the CRM and D&B Hoovers, the trusted source. The original ran over 711 records, 693 accounts, 51 owners, 7 SAP regions and 9 fiscal quarters. This copy holds 150 synthetic audited records and a 60 row rolling pipeline extract with the same columns and the same logic.
B7: How it works
B9: • Rolling Pipeline: the refreshed Salesforce query (rolling four quarters). Each row looks itself up in the compliance table: if the Opportunity ID is not there yet it is flagged New and needs auditing.
B10: • Pipeline Compliance: the audited table. Every record is checked against D&B for name, SIC and DUNS, and its close date is checked against the report date. Each row ends in an issue count and a status.
B11: • Audit Summary: one row per SAP region with record, account and owner counts, every issue type, and the share of records that are clean. The global row is calculated from the totals.
B12: • Refresh Directions: the refresh and audit routine handed over with the file.
B13: Fixes made while cleaning (found in the original)
B15: • Days to close showed a broken reference error on every row of the compliance table; it now subtracts the report date from the close date.
B16: • The close date range formula referred to a row 37 rows below its own; it now reads its own row.
... B23: All account names, owners, IDs, DUNS numbers and values are invented. Region mix, stage mix and the share of records with issues were set to resemble the original so the summary behaves realistically.

Sheet Audit Summary
A1: Pipeline compliance audit by SAP region
A2: Counts from the Pipeline Compliance table. Global row is calculated from totals, not averaged.
A4: Report date | B4: 45855
A6: SAP Region | B6: Records | C6: Accounts | D6: Owners | E6: Name mismatch | F6: No D&B match | G6: SIC missing or wrong | H6: DUNS missing or wrong | I6: Past close date | J6: Clean records | K6: % clean | L6: New in rolling extract
A7: MEE | B7: =COUNTIF('Pipeline Compliance'!$D$2:$D$151,A7) -> 42 | C7: =SUMPRODUCT(('Pipeline Compliance'!$D$2:$D$151=A7)/COUNTIFS('Pipeline Compliance'!$A$2:$A$151,'Pipeline Compliance'!$A$2:$A$151,'Pipeline Compliance'!$D$2:$D$151,'Pipeline Compliance'!$D$2:$D$151)) -> 41 | D7: =SUMPRODUCT(('Pipeline Compliance'!$D$2:$D$151=A7)/COUNTIFS('Pipeline Compliance'!$F$2:$F$151,'Pipeline Compliance'!$F$2:$F$151,'Pipeline Compliance'!$D$2:$D$151,'Pipeline Compliance'!$D$2:$D$151)) -> 9 | E7: =COUNTIFS('Pipeline Compliance'!$D$2:$D$151,A7,'Pipeline Compliance'!$U$2:$U$151,"Mismatch") -> 7 | F7: =COUNTIFS('Pipeline Compliance'!$D$2:$D$151,A7,'Pipeline Compliance'!$U$2:$U$151,"No D&B match") -> 7 | G7: =COUNTIFS('Pipeline Compliance'!$D$2:$D$151,A7,'Pipeline Compliance'!$V$2:$V$151,"Mismatch")+COUNTIFS('Pipeline Compliance'!$D$2:$D$151,A7,'Pipeline Compliance'!$V$2:$V$151,"Missing in CRM") -> 5 | H7: =COUNTIFS('Pipeline Compliance'!$D$2:$D$151,A7,'Pipeline Compliance'!$W$2:$W$151,"Mismatch")+COUNTIFS('Pipeline Compliance'!$D$2:$D$151,A7,'Pipeline Compliance'!$W$2:$W$151,"Missing in CRM") -> 5 | I7: =COUNTIFS('Pipeline Compliance'!$D$2:$D$151,A7,'Pipeline Compliance'!$T$2:$T$151,"past closed") -> 27 | J7: =COUNTIFS('Pipeline Compliance'!$D$2:$D$151,A7,'Pipeline Compliance'!$Y$2:$Y$151,"Clean") -> 10 | K7: =IF(B7=0,0,J7/B7) -> 0.23809524 | L7: =COUNTIFS('Rolling Pipeline'!$D$2:$D$61,A7,'Rolling Pipeline'!$N$2:$N$61,"New") -> 5
A8: EMEA NORTH | B8: =COUNTIF('Pipeline Compliance'!$D$2:$D$151,A8) -> 31 | C8: =SUMPRODUCT(('Pipeline Compliance'!$D$2:$D$151=A8)/COUNTIFS('Pipeline Compliance'!$A$2:$A$151,'Pipeline Compliance'!$A$2:$A$151,'Pipeline Compliance'!$D$2:$D$151,'Pipeline Compliance'!$D$2:$D$151)) -> 30 | D8: =SUMPRODUCT(('Pipeline Compliance'!$D$2:$D$151=A8)/COUNTIFS('Pipeline Compliance'!$F$2:$F$151,'Pipeline Compliance'!$F$2:$F$151,'Pipeline Compliance'!$D$2:$D$151,'Pipeline Compliance'!$D$2:$D$151)) -> 7 | E8: =COUNTIFS('Pipeline Compliance'!$D$2:$D$151,A8,'Pipeline Compliance'!$U$2:$U$151,"Mismatch") -> 6 | F8: =COUNTIFS('Pipeline Compliance'!$D$2:$D$151,A8,'Pipeline Compliance'!$U$2:$U$151,"No D&B match") -> 2 | G8: =COUNTIFS('Pipeline Compliance'!$D$2:$D$151,A8,'Pipeline Compliance'!$V$2:$V$151,"Mismatch")+COUNTIFS('Pipeline Compliance'!$D$2:$D$151,A8,'Pipeline Compliance'!$V$2:$V$151,"Missing in CRM") -> 7 | H8: =COUNTIFS('Pipeline Compliance'!$D$2:$D$151,A8,'Pipeline Compliance'!$W$2:$W$151,"Mismatch")+COUNTIFS('Pipeline Compliance'!$D$2:$D$151,A8,'Pipeline Compliance'!$W$2:$W$151,"Missing in CRM") -> 7 | I8: =COUNTIFS('Pipeline Compliance'!$D$2:$D$151,A8,'Pipeline Compliance'!$T$2:$T$151,"past closed") -> 19 | J8: =COUNTIFS('Pipeline Compliance'!$D$2:$D$151,A8,'Pipeline Compliance'!$Y$2:$Y$151,"Clean") -> 6 | K8: =IF(B8=0,0,J8/B8) -> 0.19354839 | L8: =COUNTIFS('Rolling Pipeline'!$D$2:$D$61,A8,'Rolling Pipeline'!$N$2:$N$61,"New") -> 4
A9: EMEA SOUTH | B9: =COUNTIF('Pipeline Compliance'!$D$2:$D$151,A9) -> 32 | C9: =SUMPRODUCT(('Pipeline Compliance'!$D$2:$D$151=A9)/COUNTIFS('Pipeline Compliance'!$A$2:$A$151,'Pipeline Compliance'!$A$2:$A$151,'Pipeline Compliance'!$D$2:$D$151,'Pipeline Compliance'!$D$2:$D$151)) -> 30 | D9: =SUMPRODUCT(('Pipeline Compliance'!$D$2:$D$151=A9)/COUNTIFS('Pipeline Compliance'!$F$2:$F$151,'Pipeline Compliance'!$F$2:$F$151,'Pipeline Compliance'!$D$2:$D$151,'Pipeline Compliance'!$D$2:$D$151)) -> 6 | E9: =COUNTIFS('Pipeline Compliance'!$D$2:$D$151,A9,'Pipeline Compliance'!$U$2:$U$151,"Mismatch") -> 4 | F9: =COUNTIFS('Pipeline Compliance'!$D$2:$D$151,A9,'Pipeline Compliance'!$U$2:$U$151,"No D&B match") -> 2 | G9: =COUNTIFS('Pipeline Compliance'!$D$2:$D$151,A9,'Pipeline Compliance'!$V$2:$V$151,"Mismatch")+COUNTIFS('Pipeline Compliance'!$D$2:$D$151,A9,'Pipeline Compliance'!$V$2:$V$151,"Missing in CRM") -> 5 | H9: =COUNTIFS('Pipeline Compliance'!$D$2:$D$151,A9,'Pipeline Compliance'!$W$2:$W$151,"Mismatch")+COUNTIFS('Pipeline Compliance'!$D$2:$D$151,A9,'Pipeline Compliance'!$W$2:$W$151,"Missing in CRM") -> 6 | I9: =COUNTIFS('Pipeline Compliance'!$D$2:$D$151,A9,'Pipeline Compliance'!$T$2:$T$151,"past closed") -> 17 | J9: =COUNTIFS('Pipeline Compliance'!$D$2:$D$151,A9,'Pipeline Compliance'!$Y$2:$Y$151,"Clean") -> 12 | K9: =IF(B9=0,0,J9/B9) -> 0.375 | L9: =COUNTIFS('Rolling Pipeline'!$D$2:$D$61,A9,'Rolling Pipeline'!$N$2:$N$61,"New") -> 2
A10: NA | B10: =COUNTIF('Pipeline Compliance'!$D$2:$D$151,A10) -> 22 | C10: =SUMPRODUCT(('Pipeline Compliance'!$D$2:$D$151=A10)/COUNTIFS('Pipeline Compliance'!$A$2:$A$151,'Pipeline Compliance'!$A$2:$A$151,'Pipeline Compliance'!$D$2:$D$151,'Pipeline Compliance'!$D$2:$D$151)) -> 20 | D10: =SUMPRODUCT(('Pipeline Compliance'!$D$2:$D$151=A10)/COUNTIFS('Pipeline Compliance'!$F$2:$F$151,'Pipeline Compliance'!$F$2:$F$151,'Pipeline Compliance'!$D$2:$D$151,'Pipeline Compliance'!$D$2:$D$151)) -> 6 | E10: =COUNTIFS('Pipeline Compliance'!$D$2:$D$151,A10,'Pipeline Compliance'!$U$2:$U$151,"Mismatch") -> 2 | F10: =COUNTIFS('Pipeline Compliance'!$D$2:$D$151,A10,'Pipeline Compliance'!$U$2:$U$151,"No D&B match") -> 2 | G10: =COUNTIFS('Pipeline Compliance'!$D$2:$D$151,A10,'Pipeline Compliance'!$V$2:$V$151,"Mismatch")+COUNTIFS('Pipeline Compliance'!$D$2:$D$151,A10,'Pipeline Compliance'!$V$2:$V$151,"Missing in CRM") -> 5 | H10: =COUNTIFS('Pipeline Compliance'!$D$2:$D$151,A10,'Pipeline Compliance'!$W$2:$W$151,"Mismatch")+COUNTIFS('Pipeline Compliance'!$D$2:$D$151,A10,'Pipeline Compliance'!$W$2:$W$151,"Missing in CRM") -> 5 | I10: =COUNTIFS('Pipeline Compliance'!$D$2:$D$151,A10,'Pipeline Compliance'!$T$2:$T$151,"past closed") -> 14 | J10: =COUNTIFS('Pipeline Compliance'!$D$2:$D$151,A10,'Pipeline Compliance'!$Y$2:$Y$151,"Clean") -> 6 | K10: =IF(B10=0,0,J10/B10) -> 0.27272727 | L10: =COUNTIFS('Rolling Pipeline'!$D$2:$D$61,A10,'Rolling Pipeline'!$N$2:$N$61,"New") -> 4
A11: LATAM | B11: =COUNTIF('Pipeline Compliance'!$D$2:$D$151,A11) -> 10 | C11: =SUMPRODUCT(('Pipeline Compliance'!$D$2:$D$151=A11)/COUNTIFS('Pipeline Compliance'!$A$2:$A$151,'Pipeline Compliance'!$A$2:$A$151,'Pipeline Compliance'!$D$2:$D$151,'Pipeline Compliance'!$D$2:$D$151)) -> 10 | D11: =SUMPRODUCT(('Pipeline Compliance'!$D$2:$D$151=A11)/COUNTIFS('Pipeline Compliance'!$F$2:$F$151,'Pipeline Compliance'!$F$2:$F$151,'Pipeline Compliance'!$D$2:$D$151,'Pipeline Compliance'!$D$2:$D$151)) -> 4 | E11: =COUNTIFS('Pipeline Compliance'!$D$2:$D$151,A11,'Pipeline Compliance'!$U$2:$U$151,"Mismatch") -> 1 | F11: =COUNTIFS('Pipeline Compliance'!$D$2:$D$151,A11,'Pipeline Compliance'!$U$2:$U$151,"No D&B match") -> 2 | G11: =COUNTIFS('Pipeline Compliance'!$D$2:$D$151,A11,'Pipeline Compliance'!$V$2:$V$151,"Mismatch")+COUNTIFS('Pipeline Compliance'!$D$2:$D$151,A11,'Pipeline Compliance'!$V$2:$V$151,"Missing in CRM") -> 1 | H11: =COUNTIFS('Pipeline Compliance'!$D$2:$D$151,A11,'Pipeline Compliance'!$W$2:$W$151,"Mismatch")+COUNTIFS('Pipeline Compliance'!$D$2:$D$151,A11,'Pipeline Compliance'!$W$2:$W$151,"Missing in CRM") -> 2 | I11: =COUNTIFS('Pipeline Compliance'!$D$2:$D$151,A11,'Pipeline Compliance'!$T$2:$T$151,"past closed") -> 7 | J11: =COUNTIFS('Pipeline Compliance'!$D$2:$D$151,A11,'Pipeline Compliance'!$Y$2:$Y$151,"Clean") -> 2 | K11: =IF(B11=0,0,J11/B11) -> 0.2 | L11: =COUNTIFS('Rolling Pipeline'!$D$2:$D$61,A11,'Rolling Pipeline'!$N$2:$N$61,"New") -> 2
A12: GCN | B12: =COUNTIF('Pipeline Compliance'!$D$2:$D$151,A12) -> 7 | C12: =SUMPRODUCT(('Pipeline Compliance'!$D$2:$D$151=A12)/COUNTIFS('Pipeline Compliance'!$A$2:$A$151,'Pipeline Compliance'!$A$2:$A$151,'Pipeline Compliance'!$D$2:$D$151,'Pipeline Compliance'!$D$2:$D$151)) -> 7 | D12: =SUMPRODUCT(('Pipeline Compliance'!$D$2:$D$151=A12)/COUNTIFS('Pipeline Compliance'!$F$2:$F$151,'Pipeline Compliance'!$F$2:$F$151,'Pipeline Compliance'!$D$2:$D$151,'Pipeline Compliance'!$D$2:$D$151)) -> 2 | E12: =COUNTIFS('Pipeline Compliance'!$D$2:$D$151,A12,'Pipeline Compliance'!$U$2:$U$151,"Mismatch") -> 0 | F12: =COUNTIFS('Pipeline Compliance'!$D$2:$D$151,A12,'Pipeline Compliance'!$U$2:$U$151,"No D&B match") -> 2 | G12: =COUNTIFS('Pipeline Compliance'!$D$2:$D$151,A12,'Pipeline Compliance'!$V$2:$V$151,"Mismatch")+COUNTIFS('Pipeline Compliance'!$D$2:$D$151,A12,'Pipeline Compliance'!$V$2:$V$151,"Missing in CRM") -> 1 | H12: =COUNTIFS('Pipeline Compliance'!$D$2:$D$151,A12,'Pipeline Compliance'!$W$2:$W$151,"Mismatch")+COUNTIFS('Pipeline Compliance'!$D$2:$D$151,A12,'Pipeline Compliance'!$W$2:$W$151,"Missing in CRM") -> 1 | I12: =COUNTIFS('Pipeline Compliance'!$D$2:$D$151,A12,'Pipeline Compliance'!$T$2:$T$151,"past closed") -> 5 | J12: =COUNTIFS('Pipeline Compliance'!$D$2:$D$151,A12,'Pipeline Compliance'!$Y$2:$Y$151,"Clean") -> 1 | K12: =IF(B12=0,0,J12/B12) -> 0.14285714 | L12: =COUNTIFS('Rolling Pipeline'!$D$2:$D$61,A12,'Rolling Pipeline'!$N$2:$N$61,"New") -> 0
A13: APJ | B13: =COUNTIF('Pipeline Compliance'!$D$2:$D$151,A13) -> 6 | C13: =SUMPRODUCT(('Pipeline Compliance'!$D$2:$D$151=A13)/COUNTIFS('Pipeline Compliance'!$A$2:$A$151,'Pipeline Compliance'!$A$2:$A$151,'Pipeline Compliance'!$D$2:$D$151,'Pipeline Compliance'!$D$2:$D$151)) -> 6 | D13: =SUMPRODUCT(('Pipeline Compliance'!$D$2:$D$151=A13)/COUNTIFS('Pipeline Compliance'!$F$2:$F$151,'Pipeline Compliance'!$F$2:$F$151,'Pipeline Compliance'!$D$2:$D$151,'Pipeline Compliance'!$D$2:$D$151)) -> 2 | E13: =COUNTIFS('Pipeline Compliance'!$D$2:$D$151,A13,'Pipeline Compliance'!$U$2:$U$151,"Mismatch") -> 0 | F13: =COUNTIFS('Pipeline Compliance'!$D$2:$D$151,A13,'Pipeline Compliance'!$U$2:$U$151,"No D&B match") -> 1 | G13: =COUNTIFS('Pipeline Compliance'!$D$2:$D$151,A13,'Pipeline Compliance'!$V$2:$V$151,"Mismatch")+COUNTIFS('Pipeline Compliance'!$D$2:$D$151,A13,'Pipeline Compliance'!$V$2:$V$151,"Missing in CRM") -> 1 | H13: =COUNTIFS('Pipeline Compliance'!$D$2:$D$151,A13,'Pipeline Compliance'!$W$2:$W$151,"Mismatch")+COUNTIFS('Pipeline Compliance'!$D$2:$D$151,A13,'Pipeline Compliance'!$W$2:$W$151,"Missing in CRM") -> 1 | I13: =COUNTIFS('Pipeline Compliance'!$D$2:$D$151,A13,'Pipeline Compliance'!$T$2:$T$151,"past closed") -> 3 | J13: =COUNTIFS('Pipeline Compliance'!$D$2:$D$151,A13,'Pipeline Compliance'!$Y$2:$Y$151,"Clean") -> 2 | K13: =IF(B13=0,0,J13/B13) -> 0.33333333 | L13: =COUNTIFS('Rolling Pipeline'!$D$2:$D$61,A13,'Rolling Pipeline'!$N$2:$N$61,"New") -> 3
A14: Global | B14: =SUM(B7:B13) -> 150 | C14: =SUMPRODUCT(1/COUNTIF('Pipeline Compliance'!$A$2:$A$151,'Pipeline Compliance'!$A$2:$A$151)) -> 144 | D14: =SUMPRODUCT(1/COUNTIF('Pipeline Compliance'!$F$2:$F$151,'Pipeline Compliance'!$F$2:$F$151)) -> 36 | E14: =SUM(E7:E13) -> 20 | F14: =SUM(F7:F13) -> 18 | G14: =SUM(G7:G13) -> 25 | H14: =SUM(H7:H13) -> 27 | I14: =SUM(I7:I13) -> 92 | J14: =SUM(J7:J13) -> 39 | K14: =IF(B14=0,0,J14/B14) -> 0.26 | L14: =SUM(L7:L13) -> 20
A16: Accounts and owners are distinct counts (SUMPRODUCT over COUNTIFS), so an account with several opportunities is counted once.
A17: Synthetic data. The original audit covered 711 records, 693 accounts and 51 owners across these 7 regions.

Sheet Rolling Pipeline
A1: Account ID | B1: Opportunity ID | C1: Office | D1: SAP Region | E1: Opportunity Name | F1: Opportunity Owner | G1: Account Name | H1: Stage | I1: Created Date | J1: Close Date | K1: Fiscal Period | L1: ACV (EUR) | M1: Account Name (D&B lookup) | N1: New Opportunities | O1: Days to close | P1: Close date range
A2: 001SYN000131 | B2: 006SYN000000131 | C2: HK | D2: GCN | E2: 12/Core-Adv-Omni/156K/Quill | F2: Owner GC01 | G2: Quill Fashion Limited | H2: Solution presentation | I2: 45330 | J2: 45428 | K2: Q2-2024 | L2: 156200 | M2: =IFERROR(INDEX('Pipeline Compliance'!$H$2:$H$151,MATCH(B2,'Pipeline Compliance'!$B$2:$B$151,0)),"") -> Quill Fashion Limited | N2: =IF(ISNA(MATCH(B2,'Pipeline Compliance'!$B$2:$B$151,0)),"New","Old") -> Old | O2: =IF(H2="Closed Won","",J2-ReportDate) -> -427 | P2: =IF(H2="Closed Won","closed",IF(O2<0,"past closed",IF(O2<=10,"update","on track"))) -> past closed
A3: 001SYN000077 | B3: 006SYN000000077 | C3: US | D3: NA | E3: 36/Core+Ecom/21K/Marlow | F3: Owner NA02 | G3: Marlow Optics Inc. | H3: Commercial agreement | I3: 45800 | J3: 45957 | K3: Q4-2025 | L3: 21200 | M3: =IFERROR(INDEX('Pipeline Compliance'!$H$2:$H$151,MATCH(B3,'Pipeline Compliance'!$B$2:$B$151,0)),"") -> Marlow Optics Inc. | N3: =IF(ISNA(MATCH(B3,'Pipeline Compliance'!$B$2:$B$151,0)),"New","Old") -> Old | O3: =IF(H3="Closed Won","",J3-ReportDate) -> 102 | P3: =IF(H3="Closed Won","closed",IF(O3<0,"past closed",IF(O3<=10,"update","on track"))) -> on track
A4: 001SYN000026 | B4: 006SYN000000026 | C4: DE | D4: MEE | E4: 12/Essentials+Mob/268K/Carrow | F4: Owner ME07 | G4: Carrow Fashion GmbH | H4: Commercial agreement | I4: 45404 | J4: 45469 | K4: Q2-2024 | L4: 268800 | M4: =IFERROR(INDEX('Pipeline Compliance'!$H$2:$H$151,MATCH(B4,'Pipeline Compliance'!$B$2:$B$151,0)),"") -> Carrow Fashion GmbH | N4: =IF(ISNA(MATCH(B4,'Pipeline Compliance'!$B$2:$B$151,0)),"New","Old") -> Old | O4: =IF(H4="Closed Won","",J4-ReportDate) -> -386 | P4: =IF(H4="Closed Won","closed",IF(O4<0,"past closed",IF(O4<=10,"update","on track"))) -> past closed
A5: 001SYN001015 | B5: 006SYN000001015 | C5: AU | D5: APJ | E5: 12/Core+Omni/124K/Vesta | F5: Owner AP03 | G5: Vesta Fashion Pty Ltd | H5: Solution presentation | I5: 45660 | J5: 45743 | K5: Q1-2025 | L5: 124800 | M5: =IFERROR(INDEX('Pipeline Compliance'!$H$2:$H$151,MATCH(B5,'Pipeline Compliance'!$B$2:$B$151,0)),"") | N5: =IF(ISNA(MATCH(B5,'Pipeline Compliance'!$B$2:$B$151,0)),"New","Old") -> New | O5: =IF(H5="Closed Won","",J5-ReportDate) -> -112 | P5: =IF(H5="Closed Won","closed",IF(O5<0,"past closed",IF(O5<=10,"update","on track"))) -> past closed
A6: 001SYN001001 | B6: 006SYN000001001 | C6: BR | D6: LATAM | E6: 12/Core+Ecom/47K/Juniper | F6: Owner LA04 | G6: Juniper Home Ltda | H6: Solution presentation | I6: 45515 | J6: 45634 | K6: Q4-2024 | L6: 47500 | M6: =IFERROR(INDEX('Pipeline Compliance'!$H$2:$H$151,MATCH(B6,'Pipeline Compliance'!$B$2:$B$151,0)),"") | N6: =IF(ISNA(MATCH(B6,'Pipeline Compliance'!$B$2:$B$151,0)),"New","Old") -> New | O6: =IF(H6="Closed Won","",J6-ReportDate) -> -221 | P6: =IF(H6="Closed Won","closed",IF(O6<0,"past closed",IF(O6<=10,"update","on track"))) -> past closed
A7: 001SYN000033 | B7: 006SYN000000033 | C7: IT | D7: EMEA SOUTH | E7: 24/Core+Omni/171K/Calder | F7: Owner ES02 | G7: Calder Retail S.p.A. | H7: Closed Won | I7: 45330 | J7: 45559 | K7: Q3-2024 | L7: 171200 | M7: =IFERROR(INDEX('Pipeline Compliance'!$H$2:$H$151,MATCH(B7,'Pipeline Compliance'!$B$2:$B$151,0)),"") -> Calder Retail S.p.A. | N7: =IF(ISNA(MATCH(B7,'Pipeline Compliance'!$B$2:$B$151,0)),"New","Old") -> Old | O7: =IF(H7="Closed Won","",J7-ReportDate) | P7: =IF(H7="Closed Won","closed",IF(O7<0,"past closed",IF(O7<=10,"update","on track"))) -> closed
A8: 001SYN000105 | B8: 006SYN000000105 | C8: CH | D8: MEE | E8: 12/Essentials+Mob/83K/Tavish | F8: Owner ME02 | G8: Tavish Outdoor AG | H8: Business chemistry & scoping | I8: 45310 | J8: 45466 | K8: Q2-2024 | L8: 83600 | M8: =IFERROR(INDEX('Pipeline Compliance'!$H$2:$H$151,MATCH(B8,'Pipeline Compliance'!$B$2:$B$151,0)),"") -> Tavish Outdoor AG | N8: =IF(ISNA(MATCH(B8,'Pipeline Compliance'!$B$2:$B$151,0)),"New","Old") -> Old | O8: =IF(H8="Closed Won","",J8-ReportDate) -> -389 | P8: =IF(H8="Closed Won","closed",IF(O8<0,"past closed",IF(O8<=10,"update","on track"))) -> past closed
A9: 001SYN001012 | B9: 006SYN000001012 | C9: US | D9: NA | E9: 36/Essentials+Mob/191K/Tavish | F9: Owner NA03 | G9: Tavish Living Inc. | H9: Solution presentation | I9: 45708 | J9: 45854 | K9: Q3-2025 | L9: 191500 | M9: =IFERROR(INDEX('Pipeline Compliance'!$H$2:$H$151,MATCH(B9,'Pipeline Compliance'!$B$2:$B$151,0)),"") | N9: =IF(ISNA(MATCH(B9,'Pipeline Compliance'!$B$2:$B$151,0)),"New","Old") -> New | O9: =IF(H9="Closed Won","",J9-ReportDate) -> -1 | P9: =IF(H9="Closed Won","closed",IF(O9<0,"past closed",IF(O9<=10,"update","on track"))) -> past closed
A10: 001SYN001000 | B10: 006SYN000001000 | C10: IE | D10: EMEA NORTH | E10: 24/Core-Adv-Omni/52K/Larch | F10: Owner EN01 | G10: Larch Pharma Ltd | H10: Solution presentation | I10: 45432 | J10: 45627 | K10: Q4-2024 | L10: 52000 | M10: =IFERROR(INDEX('Pipeline Compliance'!$H$2:$H$151,MATCH(B10,'Pipeline Compliance'!$B$2:$B$151,0)),"") | N10: =IF(ISNA(MATCH(B10,'Pipeline Compliance'!$B$2:$B$151,0)),"New","Old") -> New | O10: =IF(H10="Closed Won","",J10-ReportDate) -> -228 | P10: =IF(H10="Closed Won","closed",IF(O10<0,"past closed",IF(O10<=10,"update","on track"))) -> past closed
A11: 001SYN000093 | B11: 006SYN000000093 | C11: AT | D11: MEE | E11: 36/Core+Ecom/412K/Brook | F11: Owner ME01 | G11: Brook Optics GmbH | H11: Business chemistry & scoping | I11: 45396 | J11: 45626 | K11: Q4-2024 | L11: 412000 | M11: =IFERROR(INDEX('Pipeline Compliance'!$H$2:$H$151,MATCH(B11,'Pipeline Compliance'!$B$2:$B$151,0)),"") -> Brook Optics GmbH | N11: =IF(ISNA(MATCH(B11,'Pipeline Compliance'!$B$2:$B$151,0)),"New","Old") -> Old | O11: =IF(H11="Closed Won","",J11-ReportDate) -> -229 | P11: =IF(H11="Closed Won","closed",IF(O11<0,"past closed",IF(O11<=10,"update","on track"))) -> past closed
A12: 001SYN001013 | B12: 006SYN000001013 | C12: US | D12: NA | E12: 12/Core-Adv-Omni/37K/Dunmore | F12: Owner NA06 | G12: Dunmore Media Inc. | H12: Solution presentation | I12: 45417 | J12: 45592 | K12: Q4-2024 | L12: 37000 | M12: =IFERROR(INDEX('Pipeline Compliance'!$H$2:$H$151,MATCH(B12,'Pipeline Compliance'!$B$2:$B$151,0)),"") | N12: =IF(ISNA(MATCH(B12,'Pipeline Compliance'!$B$2:$B$151,0)),"New","Old") -> New | O12: =IF(H12="Closed Won","",J12-ReportDate) -> -263 | P12: =IF(H12="Closed Won","closed",IF(O12<0,"past closed",IF(O12<=10,"update","on track"))) -> past closed
A13: 001SYN000065 | B13: 006SYN000000065 | C13: AT | D13: MEE | E13: 36/Core+Ecom+Omni/26K/Arden | F13: Owner ME04 | G13: Arden Motors GmbH | H13: Solution presentation | I13: 45551 | J13: 45629 | K13: Q4-2024 | L13: 26100 | M13: =IFERROR(INDEX('Pipeline Compliance'!$H$2:$H$151,MATCH(B13,'Pipeline Compliance'!$B$2:$B$151,0)),"") -> Arden Motors GmbH & Co. KG | N13: =IF(ISNA(MATCH(B13,'Pipeline Compliance'!$B$2:$B$151,0)),"New","Old") -> Old | O13: =IF(H13="Closed Won","",J13-ReportDate) -> -226 | P13: =IF(H13="Closed Won","closed",IF(O13<0,"past closed",IF(O13<=10,"update","on track"))) -> past closed
... A61: 001SYN001011 | B61: 006SYN000001011 | C61: NL | D61: EMEA NORTH | E61: 36/Core+Omni/487K/Arden | F61: Owner EN07 | G61: Arden Brands B.V. | H61: Business chemistry & scoping | I61: 45568 | J61: 45696 | K61: Q1-2025 | L61: 487400 | M61: =IFERROR(INDEX('Pipeline Compliance'!$H$2:$H$151,MATCH(B61,'Pipeline Compliance'!$B$2:$B$151,0)),"") | N61: =IF(ISNA(MATCH(B61,'Pipeline Compliance'!$B$2:$B$151,0)),"New","Old") -> New | O61: =IF(H61="Closed Won","",J61-ReportDate) -> -159 | P61: =IF(H61="Closed Won","closed",IF(O61<0,"past closed",IF(O61<=10,"update","on track"))) -> past closed

Sheet Pipeline Compliance
A1: Account ID | B1: Opportunity ID | C1: Office | D1: SAP Region | E1: Opportunity Name | F1: Opportunity Owner | G1: Account Name (CRM) | H1: Account Name (D&B) | I1: Industry | J1: US SIC4 (CRM) | K1: US SIC4 (D&B) | L1: DUNS (CRM) | M1: DUNS (D&B) | N1: Stage | O1: Created Date | P1: Close Date | Q1: Fiscal Period | R1: ACV (EUR) | S1: Days to close | T1: Close date range | U1: Name check | V1: SIC check | W1: DUNS check | X1: Issues | Y1: Audit status
A2: 001SYN000001 | B2: 006SYN000000001 | C2: TR | D2: EMEA SOUTH | E2: 12/Core+Ecom/156K/Holloway | F2: Owner ES06 | G2: Holloway Travel A.S. | H2: Holloway Travel A.S. | I2: Media | J2: 4841 | K2: 4841 | L2: 343350125 | M2: 343350125 | N2: Commercial agreement | O2: 45544 | P2: 45702 | Q2: Q1-2025 | R2: 156200 | S2: =IF(N2="Closed Won","",P2-ReportDate) -> -153 | T2: =IF(N2="Closed Won","closed",IF(S2<0,"past closed",IF(S2<=10,"update","on track"))) -> past closed | U2: =IF(H2="","No D&B match",IF(TRIM(G2)=TRIM(H2),"Match","Mismatch")) -> Match | V2: =IF(K2="","No D&B match",IF(J2="","Missing in CRM",IF(J2=K2,"Match","Mismatch"))) -> Match | W2: =IF(M2="","No D&B match",IF(L2="","Missing in CRM",IF(L2=M2,"Match","Mismatch"))) -> Match | X2: =COUNTIF(U2:W2,"<>Match")+IF(T2="past closed",1,0) -> 1 | Y2: =IF(X2=0,"Clean","Review") -> Review
A3: 001SYN000002 | B3: 006SYN000000002 | C3: DE | D3: MEE | E3: 24/Core+Loyalty/78K/Calder | F3: Owner ME08 | G3: Calder Travel GmbH | H3: Calder Travel GmbH | I3: Consumer Products | J3: 5122 | K3: 5122 | L3: 353587990 | M3: 353587990 | N3: Business chemistry & scoping | O3: 45487 | P3: 45669 | Q3: Q1-2025 | R3: 78800 | S3: =IF(N3="Closed Won","",P3-ReportDate) -> -186 | T3: =IF(N3="Closed Won","closed",IF(S3<0,"past closed",IF(S3<=10,"update","on track"))) -> past closed | U3: =IF(H3="","No D&B match",IF(TRIM(G3)=TRIM(H3),"Match","Mismatch")) -> Match | V3: =IF(K3="","No D&B match",IF(J3="","Missing in CRM",IF(J3=K3,"Match","Mismatch"))) -> Match | W3: =IF(M3="","No D&B match",IF(L3="","Missing in CRM",IF(L3=M3,"Match","Mismatch"))) -> Match | X3: =COUNTIF(U3:W3,"<>Match")+IF(T3="past closed",1,0) -> 1 | Y3: =IF(X3=0,"Clean","Review") -> Review
A4: 001SYN000003 | B4: 006SYN000000003 | C4: DK | D4: EMEA NORTH | E4: 24/Core-Adv-Omni/44K/Larch | F4: Owner EN07 | G4: Larch Fashion A/S | H4: Larch Fashion A/S | I4: Financial Services | J4: 6022 | K4: 6022 | L4: 431589562 | M4: 431589562 | N4: Business chemistry & scoping | O4: 45492 | P4: 45652 | Q4: Q4-2024 | R4: 44500 | S4: =IF(N4="Closed Won","",P4-ReportDate) -> -203 | T4: =IF(N4="Closed Won","closed",IF(S4<0,"past closed",IF(S4<=10,"update","on track"))) -> past closed | U4: =IF(H4="","No D&B match",IF(TRIM(G4)=TRIM(H4),"Match","Mismatch")) -> Match | V4: =IF(K4="","No D&B match",IF(J4="","Missing in CRM",IF(J4=K4,"Match","Mismatch"))) -> Match | W4: =IF(M4="","No D&B match",IF(L4="","Missing in CRM",IF(L4=M4,"Match","Mismatch"))) -> Match | X4: =COUNTIF(U4:W4,"<>Match")+IF(T4="past closed",1,0) -> 1 | Y4: =IF(X4=0,"Clean","Review") -> Review
A5: 001SYN000004 | B5: 006SYN000000004 | C5: CZ | D5: MEE | E5: 24/Core-Adv-Omni/21K/Dunmore | F5: Owner ME06 | G5: Dunmore Sport s.r.o. | H5: Dunmore Sport s.r.o. | I5: Financial Services | J5: 8062 | K5: 6022 | L5: 206692057 | M5: 332936552 | N5: Closed Won | O5: 45578 | P5: 45631 | Q5: Q4-2024 | R5: 21000 | S5: =IF(N5="Closed Won","",P5-ReportDate) | T5: =IF(N5="Closed Won","closed",IF(S5<0,"past closed",IF(S5<=10,"update","on track"))) -> closed | U5: =IF(H5="","No D&B match",IF(TRIM(G5)=TRIM(H5),"Match","Mismatch")) -> Match | V5: =IF(K5="","No D&B match",IF(J5="","Missing in CRM",IF(J5=K5,"Match","Mismatch"))) -> Mismatch | W5: =IF(M5="","No D&B match",IF(L5="","Missing in CRM",IF(L5=M5,"Match","Mismatch"))) -> Mismatch | X5: =COUNTIF(U5:W5,"<>Match")+IF(T5="past closed",1,0) -> 2 | Y5: =IF(X5=0,"Clean","Review") -> Review
A6: 001SYN000005 | B6: 006SYN000000005 | C6: IT | D6: EMEA SOUTH | E6: 24/Core-Adv-Omni/98K/Penrose | F6: Owner ES06 | G6: Penrose Wine S.p.A. | H6: Penrose Wine S.p.A. | I6: Automotive | J6: 5511 | K6: 5511 | L6: 732167482 | M6: 732167482 | N6: Business chemistry & scoping | O6: 45488 | P6: 45785 | Q6: Q2-2025 | R6: 98500 | S6: =IF(N6="Closed Won","",P6-ReportDate) -> -70 | T6: =IF(N6="Closed Won","closed",IF(S6<0,"past closed",IF(S6<=10,"update","on track"))) -> past closed | U6: =IF(H6="","No D&B match",IF(TRIM(G6)=TRIM(H6),"Match","Mismatch")) -> Match | V6: =IF(K6="","No D&B match",IF(J6="","Missing in CRM",IF(J6=K6,"Match","Mismatch"))) -> Match | W6: =IF(M6="","No D&B match",IF(L6="","Missing in CRM",IF(L6=M6,"Match","Mismatch"))) -> Match | X6: =COUNTIF(U6:W6,"<>Match")+IF(T6="past closed",1,0) -> 1 | Y6: =IF(X6=0,"Clean","Review") -> Review
A7: 001SYN000006 | B7: 006SYN000000006 | C7: AT | D7: MEE | E7: 36/Core-Adv-Omni/210K/Quill | F7: Owner ME06 | G7: Quill Home GmbH | H7: Quill Home GmbH | I7: Automotive | J7: 5511 | K7: 5511 | L7: 886957553 | M7: 886957553 | N7: Tech agreement | O7: 45336 | P7: 45607 | Q7: Q4-2024 | R7: 210900 | S7: =IF(N7="Closed Won","",P7-ReportDate) -> -248 | T7: =IF(N7="Closed Won","closed",IF(S7<0,"past closed",IF(S7<=10,"update","on track"))) -> past closed | U7: =IF(H7="","No D&B match",IF(TRIM(G7)=TRIM(H7),"Match","Mismatch")) -> Match | V7: =IF(K7="","No D&B match",IF(J7="","Missing in CRM",IF(J7=K7,"Match","Mismatch"))) -> Match | W7: =IF(M7="","No D&B match",IF(L7="","Missing in CRM",IF(L7=M7,"Match","Mismatch"))) -> Match | X7: =COUNTIF(U7:W7,"<>Match")+IF(T7="past closed",1,0) -> 1 | Y7: =IF(X7=0,"Clean","Review") -> Review
A8: 001SYN000007 | B8: 006SYN000000007 | C8: NL | D8: EMEA NORTH | E8: 12/Core+Loyalty/130K/Redfern | F8: Owner EN07 | G8: Redfern Living B.V. | H8: Redfern Living B.V. | I8: Travel & Hospitality | J8: 7011 | K8: 7011 | L8: 627554006 | M8: 627554006 | N8: Solution presentation | O8: 45568 | P8: 45853 | Q8: Q3-2025 | R8: 130100 | S8: =IF(N8="Closed Won","",P8-ReportDate) -> -2 | T8: =IF(N8="Closed Won","closed",IF(S8<0,"past closed",IF(S8<=10,"update","on track"))) -> past closed | U8: =IF(H8="","No D&B match",IF(TRIM(G8)=TRIM(H8),"Match","Mismatch")) -> Match | V8: =IF(K8="","No D&B match",IF(J8="","Missing in CRM",IF(J8=K8,"Match","Mismatch"))) -> Match | W8: =IF(M8="","No D&B match",IF(L8="","Missing in CRM",IF(L8=M8,"Match","Mismatch"))) -> Match | X8: =COUNTIF(U8:W8,"<>Match")+IF(T8="past closed",1,0) -> 1 | Y8: =IF(X8=0,"Clean","Review") -> Review
A9: 001SYN000008 | B9: 006SYN000000008 | C9: DE | D9: MEE | E9: 24/Core+Omni/57K/Quill | F9: Owner ME07 | G9: Quill Retail GmbH | H9: Quill Retail GmbH | I9: Automotive | J9: 5511 | K9: 5511 | L9: 640159497 | M9: 640159497 | N9: Closed Won | O9: 45556 | P9: 45801 | Q9: Q2-2025 | R9: 57000 | S9: =IF(N9="Closed Won","",P9-ReportDate) | T9: =IF(N9="Closed Won","closed",IF(S9<0,"past closed",IF(S9<=10,"update","on track"))) -> closed | U9: =IF(H9="","No D&B match",IF(TRIM(G9)=TRIM(H9),"Match","Mismatch")) -> Match | V9: =IF(K9="","No D&B match",IF(J9="","Missing in CRM",IF(J9=K9,"Match","Mismatch"))) -> Match | W9: =IF(M9="","No D&B match",IF(L9="","Missing in CRM",IF(L9=M9,"Match","Mismatch"))) -> Match | X9: =COUNTIF(U9:W9,"<>Match")+IF(T9="past closed",1,0) -> 0 | Y9: =IF(X9=0,"Clean","Review") -> Clean
A10: 001SYN000009 | B10: 006SYN000000009 | C10: CN | D10: GCN | E10: 12/Core-Adv-Omni/34K/Carrow | F10: Owner GC02 | G10: Carrow Motors Co., Ltd | H10: Carrow Motors Co., Ltd | I10: Media | J10: 4841 | K10: 4841 | L10: 847038506 | M10: 847038506 | N10: Business chemistry & scoping | O10: 45425 | P10: 45470 | Q10: Q2-2024 | R10: 34100 | S10: =IF(N10="Closed Won","",P10-ReportDate) -> -385 | T10: =IF(N10="Closed Won","closed",IF(S10<0,"past closed",IF(S10<=10,"update","on track"))) -> past closed | U10: =IF(H10="","No D&B match",IF(TRIM(G10)=TRIM(H10),"Match","Mismatch")) -> Match | V10: =IF(K10="","No D&B match",IF(J10="","Missing in CRM",IF(J10=K10,"Match","Mismatch"))) -> Match | W10: =IF(M10="","No D&B match",IF(L10="","Missing in CRM",IF(L10=M10,"Match","Mismatch"))) -> Match | X10: =COUNTIF(U10:W10,"<>Match")+IF(T10="past closed",1,0) -> 1 | Y10: =IF(X10=0,"Clean","Review") -> Review
A11: 001SYN000010 | B11: 006SYN000000010 | C11: PL | D11: MEE | E11: 24/Core+Ecom/278K/Tavish | F11: Owner ME01 | G11: Tavish Travel Sp. z o.o. | H11: Tavish Travel Sp. z o.o. | I11: Automotive | K11: 5511 | M11: 661600782 | N11: Business chemistry & scoping | O11: 45310 | P11: 45502 | Q11: Q3-2024 | R11: 278500 | S11: =IF(N11="Closed Won","",P11-ReportDate) -> -353 | T11: =IF(N11="Closed Won","closed",IF(S11<0,"past closed",IF(S11<=10,"update","on track"))) -> past closed | U11: =IF(H11="","No D&B match",IF(TRIM(G11)=TRIM(H11),"Match","Mismatch")) -> Match | V11: =IF(K11="","No D&B match",IF(J11="","Missing in CRM",IF(J11=K11,"Match","Mismatch"))) -> Missing in CRM | W11: =IF(M11="","No D&B match",IF(L11="","Missing in CRM",IF(L11=M11,"Match","Mismatch"))) -> Missing in CRM | X11: =COUNTIF(U11:W11,"<>Match")+IF(T11="past closed",1,0) -> 3 | Y11: =IF(X11=0,"Clean","Review") -> Review
A12: 001SYN000011 | B12: 006SYN000000011 | C12: TR | D12: EMEA SOUTH | E12: 36/Essentials+Mob/100K/Marlow | F12: Owner ES01 | G12: Marlow Brands A.S. | H12: Marlow Brands A.S. Group | I12: eCommerce | J12: 5961 | K12: 5961 | L12: 348098165 | M12: 348098165 | N12: Business chemistry & scoping | O12: 45598 | P12: 45737 | Q12: Q1-2025 | R12: 100200 | S12: =IF(N12="Closed Won","",P12-ReportDate) -> -118 | T12: =IF(N12="Closed Won","closed",IF(S12<0,"past closed",IF(S12<=10,"update","on track"))) -> past closed | U12: =IF(H12="","No D&B match",IF(TRIM(G12)=TRIM(H12),"Match","Mismatch")) -> Mismatch | V12: =IF(K12="","No D&B match",IF(J12="","Missing in CRM",IF(J12=K12,"Match","Mismatch"))) -> Match | W12: =IF(M12="","No D&B match",IF(L12="","Missing in CRM",IF(L12=M12,"Match","Mismatch"))) -> Match | X12: =COUNTIF(U12:W12,"<>Match")+IF(T12="past closed",1,0) -> 2 | Y12: =IF(X12=0,"Clean","Review") -> Review
A13: 001SYN000012 | B13: 006SYN000000012 | C13: PL | D13: MEE | E13: 12/Core-Adv-Omni/329K/Fenwick | F13: Owner ME09 | G13: Fenwick Sport Sp. z o.o. | H13: Fenwick Sport Sp. z o.o. | I13: Automotive | J13: 5511 | K13: 5511 | L13: 957417959 | M13: 957417959 | N13: Solution presentation | O13: 45488 | P13: 45775 | Q13: Q2-2025 | R13: 329400 | S13: =IF(N13="Closed Won","",P13-ReportDate) -> -80 | T13: =IF(N13="Closed Won","closed",IF(S13<0,"past closed",IF(S13<=10,"update","on track"))) -> past closed | U13: =IF(H13="","No D&B match",IF(TRIM(G13)=TRIM(H13),"Match","Mismatch")) -> Match | V13: =IF(K13="","No D&B match",IF(J13="","Missing in CRM",IF(J13=K13,"Match","Mismatch"))) -> Match | W13: =IF(M13="","No D&B match",IF(L13="","Missing in CRM",IF(L13=M13,"Match","Mismatch"))) -> Match | X13: =COUNTIF(U13:W13,"<>Match")+IF(T13="past closed",1,0) -> 1 | Y13: =IF(X13=0,"Clean","Review") -> Review
A14: 001SYN000013 | B14: 006SYN000000013 | C14: NL | D14: EMEA NORTH | E14: 12/Core-Adv-Omni/78K/Alder | F14: Owner EN01 | G14: Alder Foods B.V. | H14: Alder Foods B.V. | I14: Consumer Products | J14: 5122 | K14: 5122 | L14: 784010171 | M14: 784010171 | N14: Solution presentation | O14: 45403 | P14: 45629 | Q14: Q4-2024 | R14: 78200 | S14: =IF(N14="Closed Won","",P14-ReportDate) -> -226 | T14: =IF(N14="Closed Won","closed",IF(S14<0,"past closed",IF(S14<=10,"update","on track"))) -> past closed | U14: =IF(H14="","No D&B match",IF(TRIM(G14)=TRIM(H14),"Match","Mismatch")) -> Match | V14: =IF(K14="","No D&B match",IF(J14="","Missing in CRM",IF(J14=K14,"Match","Mismatch"))) -> Match | W14: =IF(M14="","No D&B match",IF(L14="","Missing in CRM",IF(L14=M14,"Match","Mismatch"))) -> Match | X14: =COUNTIF(U14:W14,"<>Match")+IF(T14="past closed",1,0) -> 1 | Y14: =IF(X14=0,"Clean","Review") -> Review
A15: 001SYN000014 | B15: 006SYN000000014 | C15: AU | D15: APJ | E15: 12/Core+Loyalty/198K/Holloway | F15: Owner AP01 | G15: Holloway Pharma Pty Ltd | I15: Retail | N15: Business chemistry & scoping | O15: 45774 | P15: 45846 | Q15: Q3-2025 | R15: 198300 | S15: =IF(N15="Closed Won","",P15-ReportDate) -> -9 | T15: =IF(N15="Closed Won","closed",IF(S15<0,"past closed",IF(S15<=10,"update","on track"))) -> past closed | U15: =IF(H15="","No D&B match",IF(TRIM(G15)=TRIM(H15),"Match","Mismatch")) -> No D&B match | V15: =IF(K15="","No D&B match",IF(J15="","Missing in CRM",IF(J15=K15,"Match","Mismatch"))) -> No D&B match | W15: =IF(M15="","No D&B match",IF(L15="","Missing in CRM",IF(L15=M15,"Match","Mismatch"))) -> No D&B match | X15: =COUNTIF(U15:W15,"<>Match")+IF(T15="past closed",1,0) -> 4 | Y15: =IF(X15=0,"Clean","Review") -> Review
A16: 001SYN000015 | B16: 006SYN000000015 | C16: ES | D16: EMEA SOUTH | E16: 24/Core+Ecom+Omni/66K/Corvale | F16: Owner ES05 | G16: Corvale Motors S.L. | H16: Corvale Motors S.L. | I16: Automotive | J16: 5511 | K16: 5511 | L16: 951539705 | M16: 156183962 | N16: Business chemistry & scoping | O16: 45314 | P16: 45501 | Q16: Q3-2024 | R16: 66400 | S16: =IF(N16="Closed Won","",P16-ReportDate) -> -354 | T16: =IF(N16="Closed Won","closed",IF(S16<0,"past closed",IF(S16<=10,"update","on track"))) -> past closed | U16: =IF(H16="","No D&B match",IF(TRIM(G16)=TRIM(H16),"Match","Mismatch")) -> Match | V16: =IF(K16="","No D&B match",IF(J16="","Missing in CRM",IF(J16=K16,"Match","Mismatch"))) -> Match | W16: =IF(M16="","No D&B match",IF(L16="","Missing in CRM",IF(L16=M16,"Match","Mismatch"))) -> Mismatch | X16: =COUNTIF(U16:W16,"<>Match")+IF(T16="past closed",1,0) -> 2 | Y16: =IF(X16=0,"Clean","Review") -> Review
A17: 001SYN000016 | B17: 006SYN000000016 | C17: MX | D17: LATAM | E17: 36/Essentials+Mob/53K/Merrow | F17: Owner LA02 | G17: Merrow Sport S.A. de C.V. | H17: Merrow Sport S.A. de C.V. | I17: eCommerce | J17: 5961 | K17: 5961 | L17: 736240885 | M17: 946590519 | N17: Business chemistry & scoping | O17: 45753 | P17: 46008 | Q17: Q4-2025 | R17: 53500 | S17: =IF(N17="Closed Won","",P17-ReportDate) -> 153 | T17: =IF(N17="Closed Won","closed",IF(S17<0,"past closed",IF(S17<=10,"update","on track"))) -> on track | U17: =IF(H17="","No D&B match",IF(TRIM(G17)=TRIM(H17),"Match","Mismatch")) -> Match | V17: =IF(K17="","No D&B match",IF(J17="","Missing in CRM",IF(J17=K17,"Match","Mismatch"))) -> Match | W17: =IF(M17="","No D&B match",IF(L17="","Missing in CRM",IF(L17=M17,"Match","Mismatch"))) -> Mismatch | X17: =COUNTIF(U17:W17,"<>Match")+IF(T17="past closed",1,0) -> 1 | Y17: =IF(X17=0,"Clean","Review") -> Review
A18: 001SYN000017 | B18: 006SYN000000017 | C18: NL | D18: EMEA NORTH | E18: 24/Core+Ecom/53K/Oriel | F18: Owner EN05 | G18: Oriel Media B.V. | H18: Oriel Media BV | I18: Automotive | J18: 5511 | K18: 5511 | L18: 724906726 | M18: 724906726 | N18: Commercial agreement | O18: 45294 | P18: 45445 | Q18: Q2-2024 | R18: 53400 | S18: =IF(N18="Closed Won","",P18-ReportDate) -> -410 | T18: =IF(N18="Closed Won","closed",IF(S18<0,"past closed",IF(S18<=10,"update","on track"))) -> past closed | U18: =IF(H18="","No D&B match",IF(TRIM(G18)=TRIM(H18),"Match","Mismatch")) -> Mismatch | V18: =IF(K18="","No D&B match",IF(J18="","Missing in CRM",IF(J18=K18,"Match","Mismatch"))) -> Match | W18: =IF(M18="","No D&B match",IF(L18="","Missing in CRM",IF(L18=M18,"Match","Mismatch"))) -> Match | X18: =COUNTIF(U18:W18,"<>Match")+IF(T18="past closed",1,0) -> 2 | Y18: =IF(X18=0,"Clean","Review") -> Review
A19: 001SYN000018 | B19: 006SYN000000018 | C19: US | D19: NA | E19: 12/Essentials+Mob/56K/Larch | F19: Owner NA01 | G19: Larch Optics Inc. | H19: Larch Optics Inc. | I19: Financial Services | J19: 6022 | K19: 6022 | L19: 692056865 | M19: 692056865 | N19: Closed Won | O19: 45368 | P19: 45609 | Q19: Q4-2024 | R19: 56900 | S19: =IF(N19="Closed Won","",P19-ReportDate) | T19: =IF(N19="Closed Won","closed",IF(S19<0,"past closed",IF(S19<=10,"update","on track"))) -> closed | U19: =IF(H19="","No D&B match",IF(TRIM(G19)=TRIM(H19),"Match","Mismatch")) -> Match | V19: =IF(K19="","No D&B match",IF(J19="","Missing in CRM",IF(J19=K19,"Match","Mismatch"))) -> Match | W19: =IF(M19="","No D&B match",IF(L19="","Missing in CRM",IF(L19=M19,"Match","Mismatch"))) -> Match | X19: =COUNTIF(U19:W19,"<>Match")+IF(T19="past closed",1,0) -> 0 | Y19: =IF(X19=0,"Clean","Review") -> Clean
A20: 001SYN000019 | B20: 006SYN000000019 | C20: CA | D20: NA | E20: 12/Core+Omni/224K/Arden | F20: Owner NA01 | G20: Arden Optics Inc. | I20: Financial Services | N20: Closed Won | O20: 45338 | P20: 45476 | Q20: Q3-2024 | R20: 224200 | S20: =IF(N20="Closed Won","",P20-ReportDate) | T20: =IF(N20="Closed Won","closed",IF(S20<0,"past closed",IF(S20<=10,"update","on track"))) -> closed | U20: =IF(H20="","No D&B match",IF(TRIM(G20)=TRIM(H20),"Match","Mismatch")) -> No D&B match | V20: =IF(K20="","No D&B match",IF(J20="","Missing in CRM",IF(J20=K20,"Match","Mismatch"))) -> No D&B match | W20: =IF(M20="","No D&B match",IF(L20="","Missing in CRM",IF(L20=M20,"Match","Mismatch"))) -> No D&B match | X20: =COUNTIF(U20:W20,"<>Match")+IF(T20="past closed",1,0) -> 3 | Y20: =IF(X20=0,"Clean","Review") -> Review
A21: 001SYN000020 | B21: 006SYN000000020 | C21: CN | D21: GCN | E21: 36/Essentials+Mob/87K/Dunmore | F21: Owner GC01 | G21: Dunmore Home Co., Ltd | H21: Dunmore Home Co., Ltd | I21: eCommerce | J21: 5961 | K21: 5961 | L21: 433836604 | M21: 433836604 | N21: Solution presentation | O21: 45414 | P21: 45672 | Q21: Q1-2025 | R21: 87300 | S21: =IF(N21="Closed Won","",P21-ReportDate) -> -183 | T21: =IF(N21="Closed Won","closed",IF(S21<0,"past closed",IF(S21<=10,"update","on track"))) -> past closed | U21: =IF(H21="","No D&B match",IF(TRIM(G21)=TRIM(H21),"Match","Mismatch")) -> Match | V21: =IF(K21="","No D&B match",IF(J21="","Missing in CRM",IF(J21=K21,"Match","Mismatch"))) -> Match | W21: =IF(M21="","No D&B match",IF(L21="","Missing in CRM",IF(L21=M21,"Match","Mismatch"))) -> Match | X21: =COUNTIF(U21:W21,"<>Match")+IF(T21="past closed",1,0) -> 1 | Y21: =IF(X21=0,"Clean","Review") -> Review
A22: 001SYN000021 | B22: 006SYN000000021 | C22: SE | D22: EMEA NORTH | E22: 12/Core+Ecom+Omni/50K/Marlow | F22: Owner EN03 | G22: Marlow Travel AB | H22: Marlow Travel AB | I22: Retail | J22: 5999 | K22: 5999 | L22: 315165225 | M22: 315165225 | N22: Solution presentation | O22: 45609 | P22: 45655 | Q22: Q4-2024 | R22: 50400 | S22: =IF(N22="Closed Won","",P22-ReportDate) -> -200 | T22: =IF(N22="Closed Won","closed",IF(S22<0,"past closed",IF(S22<=10,"update","on track"))) -> past closed | U22: =IF(H22="","No D&B match",IF(TRIM(G22)=TRIM(H22),"Match","Mismatch")) -> Match | V22: =IF(K22="","No D&B match",IF(J22="","Missing in CRM",IF(J22=K22,"Match","Mismatch"))) -> Match | W22: =IF(M22="","No D&B match",IF(L22="","Missing in CRM",IF(L22=M22,"Match","Mismatch"))) -> Match | X22: =COUNTIF(U22:W22,"<>Match")+IF(T22="past closed",1,0) -> 1 | Y22: =IF(X22=0,"Clean","Review") -> Review
A23: 001SYN000022 | B23: 006SYN000000022 | C23: AR | D23: LATAM | E23: 24/Essentials+Mob/162K/Fenwick | F23: Owner LA03 | G23: Fenwick Brands S.A. | H23: Fenwick Brands S.A. | I23: Travel & Hospitality | J23: 7011 | K23: 7011 | L23: 934006341 | M23: 934006341 | N23: Commercial agreement | O23: 45721 | P23: 45958 | Q23: Q4-2025 | R23: 162800 | S23: =IF(N23="Closed Won","",P23-ReportDate) -> 103 | T23: =IF(N23="Closed Won","closed",IF(S23<0,"past closed",IF(S23<=10,"update","on track"))) -> on track | U23: =IF(H23="","No D&B match",IF(TRIM(G23)=TRIM(H23),"Match","Mismatch")) -> Match | V23: =IF(K23="","No D&B match",IF(J23="","Missing in CRM",IF(J23=K23,"Match","Mismatch"))) -> Match | W23: =IF(M23="","No D&B match",IF(L23="","Missing in CRM",IF(L23=M23,"Match","Mismatch"))) -> Match | X23: =COUNTIF(U23:W23,"<>Match")+IF(T23="past closed",1,0) -> 0 | Y23: =IF(X23=0,"Clean","Review") -> Clean
A24: 001SYN000023 | B24: 006SYN000000023 | C24: AT | D24: MEE | E24: 24/Core+Ecom/269K/North | F24: Owner ME03 | G24: North Fashion GmbH | H24: North Fashion GmbH | I24: Automotive | J24: 5511 | K24: 5511 | L24: 240881601 | M24: 240881601 | N24: Solution presentation | O24: 45317 | P24: 45382 | Q24: Q1-2024 | R24: 269600 | S24: =IF(N24="Closed Won","",P24-ReportDate) -> -473 | T24: =IF(N24="Closed Won","closed",IF(S24<0,"past closed",IF(S24<=10,"update","on track"))) -> past closed | U24: =IF(H24="","No D&B match",IF(TRIM(G24)=TRIM(H24),"Match","Mismatch")) -> Match | V24: =IF(K24="","No D&B match",IF(J24="","Missing in CRM",IF(J24=K24,"Match","Mismatch"))) -> Match | W24: =IF(M24="","No D&B match",IF(L24="","Missing in CRM",IF(L24=M24,"Match","Mismatch"))) -> Match | X24: =COUNTIF(U24:W24,"<>Match")+IF(T24="past closed",1,0) -> 1 | Y24: =IF(X24=0,"Clean","Review") -> Review
A25: 001SYN000024 | B25: 006SYN000000024 | C25: AE | D25: EMEA SOUTH | E25: 24/Core+Ecom+Omni/37K/Penrose | F25: Owner ES06 | G25: Penrose Pharma LLC | H25: Penrose Pharma LLC Group | I25: eCommerce | J25: 5961 | K25: 5961 | L25: 140827458 | M25: 140827458 | N25: Solution presentation | O25: 45547 | P25: 45802 | Q25: Q2-2025 | R25: 37900 | S25: =IF(N25="Closed Won","",P25-ReportDate) -> -53 | T25: =IF(N25="Closed Won","closed",IF(S25<0,"past closed",IF(S25<=10,"update","on track"))) -> past closed | U25: =IF(H25="","No D&B match",IF(TRIM(G25)=TRIM(H25),"Match","Mismatch")) -> Mismatch | V25: =IF(K25="","No D&B match",IF(J25="","Missing in CRM",IF(J25=K25,"Match","Mismatch"))) -> Match | W25: =IF(M25="","No D&B match",IF(L25="","Missing in CRM",IF(L25=M25,"Match","Mismatch"))) -> Match | X25: =COUNTIF(U25:W25,"<>Match")+IF(T25="past closed",1,0) -> 2 | Y25: =IF(X25=0,"Clean","Review") -> Review
A26: 001SYN000025 | B26: 006SYN000000025 | C26: DK | D26: EMEA NORTH | E26: 36/Core-Adv-Omni/116K/North | F26: Owner EN02 | G26: North Beauty A/S | H26: North Beauty A/S | I26: Retail | J26: 5999 | K26: 5999 | L26: 284497694 | M26: 284497694 | N26: Tech agreement | O26: 45551 | P26: 45635 | Q26: Q4-2024 | R26: 116200 | S26: =IF(N26="Closed Won","",P26-ReportDate) -> -220 | T26: =IF(N26="Closed Won","closed",IF(S26<0,"past closed",IF(S26<=10,"update","on track"))) -> past closed | U26: =IF(H26="","No D&B match",IF(TRIM(G26)=TRIM(H26),"Match","Mismatch")) -> Match | V26: =IF(K26="","No D&B match",IF(J26="","Missing in CRM",IF(J26=K26,"Match","Mismatch"))) -> Match | W26: =IF(M26="","No D&B match",IF(L26="","Missing in CRM",IF(L26=M26,"Match","Mismatch"))) -> Match | X26: =COUNTIF(U26:W26,"<>Match")+IF(T26="past closed",1,0) -> 1 | Y26: =IF(X26=0,"Clean","Review") -> Review
A27: 001SYN000026 | B27: 006SYN000000026 | C27: DE | D27: MEE | E27: 12/Essentials+Mob/268K/Carrow | F27: Owner ME07 | G27: Carrow Fashion GmbH | H27: Carrow Fashion GmbH | I27: Healthcare | K27: 8062 | M27: 532093736 | N27: Commercial agreement | O27: 45404 | P27: 45469 | Q27: Q2-2024 | R27: 268800 | S27: =IF(N27="Closed Won","",P27-ReportDate) -> -386 | T27: =IF(N27="Closed Won","closed",IF(S27<0,"past closed",IF(S27<=10,"update","on track"))) -> past closed | U27: =IF(H27="","No D&B match",IF(TRIM(G27)=TRIM(H27),"Match","Mismatch")) -> Match | V27: =IF(K27="","No D&B match",IF(J27="","Missing in CRM",IF(J27=K27,"Match","Mismatch"))) -> Missing in CRM | W27: =IF(M27="","No D&B match",IF(L27="","Missing in CRM",IF(L27=M27,"Match","Mismatch"))) -> Missing in CRM | X27: =COUNTIF(U27:W27,"<>Match")+IF(T27="past closed",1,0) -> 3 | Y27: =IF(X27=0,"Clean","Review") -> Review
A28: 001SYN000027 | B28: 006SYN000000027 | C28: CH | D28: MEE | E28: 12/Core+Loyalty/268K/Elstree | F28: Owner ME03 | G28: Elstree Brands AG | I28: Consumer Products | N28: Business chemistry & scoping | O28: 45589 | P28: 45880 | Q28: Q3-2025 | R28: 268700 | S28: =IF(N28="Closed Won","",P28-ReportDate) -> 25 | T28: =IF(N28="Closed Won","closed",IF(S28<0,"past closed",IF(S28<=10,"update","on track"))) -> on track | U28: =IF(H28="","No D&B match",IF(TRIM(G28)=TRIM(H28),"Match","Mismatch")) -> No D&B match | V28: =IF(K28="","No D&B match",IF(J28="","Missing in CRM",IF(J28=K28,"Match","Mismatch"))) -> No D&B match | W28: =IF(M28="","No D&B match",IF(L28="","Missing in CRM",IF(L28=M28,"Match","Mismatch"))) -> No D&B match | X28: =COUNTIF(U28:W28,"<>Match")+IF(T28="past closed",1,0) -> 3 | Y28: =IF(X28=0,"Clean","Review") -> Review
A29: 001SYN000028 | B29: 006SYN000000028 | C29: AU | D29: APJ | E29: 36/Core+Ecom+Omni/51K/Penrose | F29: Owner AP02 | G29: Penrose Media Pty Ltd | H29: Penrose Media Pty Ltd | I29: Healthcare | J29: 5961 | K29: 8062 | L29: 735301396 | M29: 421429343 | N29: Solution presentation | O29: 45743 | P29: 45934 | Q29: Q4-2025 | R29: 51000 | S29: =IF(N29="Closed Won","",P29-ReportDate) -> 79 | T29: =IF(N29="Closed Won","closed",IF(S29<0,"past closed",IF(S29<=10,"update","on track"))) -> on track | U29: =IF(H29="","No D&B match",IF(TRIM(G29)=TRIM(H29),"Match","Mismatch")) -> Match | V29: =IF(K29="","No D&B match",IF(J29="","Missing in CRM",IF(J29=K29,"Match","Mismatch"))) -> Mismatch | W29: =IF(M29="","No D&B match",IF(L29="","Missing in CRM",IF(L29=M29,"Match","Mismatch"))) -> Mismatch | X29: =COUNTIF(U29:W29,"<>Match")+IF(T29="past closed",1,0) -> 2 | Y29: =IF(X29=0,"Clean","Review") -> Review
A30: 001SYN000029 | B30: 006SYN000000029 | C30: CN | D30: GCN | E30: 36/Core+Omni/31K/Dunmore | F30: Owner GC01 | G30: Dunmore Beauty Co., Ltd | H30: Dunmore Beauty Co., Ltd | I30: Automotive | K30: 5511 | M30: 965590147 | N30: Business chemistry & scoping | O30: 45643 | P30: 45777 | Q30: Q2-2025 | R30: 31500 | S30: =IF(N30="Closed Won","",P30-ReportDate) -> -78 | T30: =IF(N30="Closed Won","closed",IF(S30<0,"past closed",IF(S30<=10,"update","on track"))) -> past closed | U30: =IF(H30="","No D&B match",IF(TRIM(G30)=TRIM(H30),"Match","Mismatch")) -> Match | V30: =IF(K30="","No D&B match",IF(J30="","Missing in CRM",IF(J30=K30,"Match","Mismatch"))) -> Missing in CRM | W30: =IF(M30="","No D&B match",IF(L30="","Missing in CRM",IF(L30=M30,"Match","Mismatch"))) -> Missing in CRM | X30: =COUNTIF(U30:W30,"<>Match")+IF(T30="past closed",1,0) -> 3 | Y30: =IF(X30=0,"Clean","Review") -> Review
A31: 001SYN000030 | B31: 006SYN000000030 | C31: TR | D31: EMEA SOUTH | E31: 12/Essentials+Mob/70K/Linden | F31: Owner ES01 | G31: Linden Living A.S. | H31: Linden Living A.S. | I31: Media | J31: 4841 | K31: 4841 | L31: 292970593 | M31: 292970593 | N31: Solution presentation | O31: 45336 | P31: 45428 | Q31: Q2-2024 | R31: 70800 | S31: =IF(N31="Closed Won","",P31-ReportDate) -> -427 | T31: =IF(N31="Closed Won","closed",IF(S31<0,"past closed",IF(S31<=10,"update","on track"))) -> past closed | U31: =IF(H31="","No D&B match",IF(TRIM(G31)=TRIM(H31),"Match","Mismatch")) -> Match | V31: =IF(K31="","No D&B match",IF(J31="","Missing in CRM",IF(J31=K31,"Match","Mismatch"))) -> Match | W31: =IF(M31="","No D&B match",IF(L31="","Missing in CRM",IF(L31=M31,"Match","Mismatch"))) -> Match | X31: =COUNTIF(U31:W31,"<>Match")+IF(T31="past closed",1,0) -> 1 | Y31: =IF(X31=0,"Clean","Review") -> Review
A32: 001SYN000031 | B32: 006SYN000000031 | C32: CA | D32: NA | E32: 12/Core+Loyalty/20K/Carrow | F32: Owner NA06 | G32: Carrow Foods Inc. | H32: Carrow Foods Inc. | I32: Healthcare | J32: 8062 | K32: 8062 | L32: 881797601 | M32: 881797601 | N32: Business chemistry & scoping | O32: 45574 | P32: 45754 | Q32: Q2-2025 | R32: 20900 | S32: =IF(N32="Closed Won","",P32-ReportDate) -> -101 | T32: =IF(N32="Closed Won","closed",IF(S32<0,"past closed",IF(S32<=10,"update","on track"))) -> past closed | U32: =IF(H32="","No D&B match",IF(TRIM(G32)=TRIM(H32),"Match","Mismatch")) -> Match | V32: =IF(K32="","No D&B match",IF(J32="","Missing in CRM",IF(J32=K32,"Match","Mismatch"))) -> Match | W32: =IF(M32="","No D&B match",IF(L32="","Missing in CRM",IF(L32=M32,"Match","Mismatch"))) -> Match | X32: =COUNTIF(U32:W32,"<>Match")+IF(T32="past closed",1,0) -> 1 | Y32: =IF(X32=0,"Clean","Review") -> Review
A33: 001SYN000032 | B33: 006SYN000000032 | C33: AU | D33: APJ | E33: 24/Core+Ecom+Omni/102K/Carrow | F33: Owner AP01 | G33: Carrow Retail Pty Ltd | H33: Carrow Retail Pty Ltd | I33: Media | J33: 4841 | K33: 4841 | L33: 110499490 | M33: 110499490 | N33: Solution presentation | O33: 45729 | P33: 45880 | Q33: Q3-2025 | R33: 102500 | S33: =IF(N33="Closed Won","",P33-ReportDate) -> 25 | T33: =IF(N33="Closed Won","closed",IF(S33<0,"past closed",IF(S33<=10,"update","on track"))) -> on track | U33: =IF(H33="","No D&B match",IF(TRIM(G33)=TRIM(H33),"Match","Mismatch")) -> Match | V33: =IF(K33="","No D&B match",IF(J33="","Missing in CRM",IF(J33=K33,"Match","Mismatch"))) -> Match | W33: =IF(M33="","No D&B match",IF(L33="","Missing in CRM",IF(L33=M33,"Match","Mismatch"))) -> Match | X33: =COUNTIF(U33:W33,"<>Match")+IF(T33="past closed",1,0) -> 0 | Y33: =IF(X33=0,"Clean","Review") -> Clean
A34: 001SYN000033 | B34: 006SYN000000033 | C34: IT | D34: EMEA SOUTH | E34: 24/Core+Omni/171K/Calder | F34: Owner ES02 | G34: Calder Retail S.p.A. | H34: Calder Retail S.p.A. | I34: Healthcare | J34: 8062 | K34: 8062 | L34: 616159236 | M34: 616159236 | N34: Closed Won | O34: 45330 | P34: 45559 | Q34: Q3-2024 | R34: 171200 | S34: =IF(N34="Closed Won","",P34-ReportDate) | T34: =IF(N34="Closed Won","closed",IF(S34<0,"past closed",IF(S34<=10,"update","on track"))) -> closed | U34: =IF(H34="","No D&B match",IF(TRIM(G34)=TRIM(H34),"Match","Mismatch")) -> Match | V34: =IF(K34="","No D&B match",IF(J34="","Missing in CRM",IF(J34=K34,"Match","Mismatch"))) -> Match | W34: =IF(M34="","No D&B match",IF(L34="","Missing in CRM",IF(L34=M34,"Match","Mismatch"))) -> Match | X34: =COUNTIF(U34:W34,"<>Match")+IF(T34="past closed",1,0) -> 0 | Y34: =IF(X34=0,"Clean","Review") -> Clean
A35: 001SYN000034 | B35: 006SYN000000034 | C35: FR | D35: EMEA SOUTH | E35: 36/Core+Ecom/395K/Marlow | F35: Owner ES03 | G35: Marlow Retail SAS | H35: Marlow Retail S.A.S. | I35: Consumer Products | J35: 5122 | K35: 5122 | L35: 330285644 | M35: 330285644 | N35: Tech agreement | O35: 45567 | P35: 45734 | Q35: Q1-2025 | R35: 395900 | S35: =IF(N35="Closed Won","",P35-ReportDate) -> -121 | T35: =IF(N35="Closed Won","closed",IF(S35<0,"past closed",IF(S35<=10,"update","on track"))) -> past closed | U35: =IF(H35="","No D&B match",IF(TRIM(G35)=TRIM(H35),"Match","Mismatch")) -> Mismatch | V35: =IF(K35="","No D&B match",IF(J35="","Missing in CRM",IF(J35=K35,"Match","Mismatch"))) -> Match | W35: =IF(M35="","No D&B match",IF(L35="","Missing in CRM",IF(L35=M35,"Match","Mismatch"))) -> Match | X35: =COUNTIF(U35:W35,"<>Match")+IF(T35="past closed",1,0) -> 2 | Y35: =IF(X35=0,"Clean","Review") -> Review
A36: 001SYN000035 | B36: 006SYN000000035 | C36: AE | D36: EMEA SOUTH | E36: 36/Core+Ecom/110K/North | F36: Owner ES01 | G36: North Pharma LLC | I36: Healthcare | N36: Closed Won | O36: 45620 | P36: 45682 | Q36: Q1-2025 | R36: 110500 | S36: =IF(N36="Closed Won","",P36-ReportDate) | T36: =IF(N36="Closed Won","closed",IF(S36<0,"past closed",IF(S36<=10,"update","on track"))) -> closed | U36: =IF(H36="","No D&B match",IF(TRIM(G36)=TRIM(H36),"Match","Mismatch")) -> No D&B match | V36: =IF(K36="","No D&B match",IF(J36="","Missing in CRM",IF(J36=K36,"Match","Mismatch"))) -> No D&B match | W36: =IF(M36="","No D&B match",IF(L36="","Missing in CRM",IF(L36=M36,"Match","Mismatch"))) -> No D&B match | X36: =COUNTIF(U36:W36,"<>Match")+IF(T36="past closed",1,0) -> 3 | Y36: =IF(X36=0,"Clean","Review") -> Review
A37: 001SYN000036 | B37: 006SYN000000036 | C37: US | D37: NA | E37: 12/Essentials+Mob/47K/Tavish | F37: Owner NA06 | G37: Tavish Retail Inc. | H37: Tavish Retail Inc. | I37: Automotive | J37: 4841 | K37: 5511 | L37: 955006814 | M37: 821996995 | N37: Business chemistry & scoping | O37: 45491 | P37: 45785 | Q37: Q2-2025 | R37: 47900 | S37: =IF(N37="Closed Won","",P37-ReportDate) -> -70 | T37: =IF(N37="Closed Won","closed",IF(S37<0,"past closed",IF(S37<=10,"update","on track"))) -> past closed | U37: =IF(H37="","No D&B match",IF(TRIM(G37)=TRIM(H37),"Match","Mismatch")) -> Match | V37: =IF(K37="","No D&B match",IF(J37="","Missing in CRM",IF(J37=K37,"Match","Mismatch"))) -> Mismatch | W37: =IF(M37="","No D&B match",IF(L37="","Missing in CRM",IF(L37=M37,"Match","Mismatch"))) -> Mismatch | X37: =COUNTIF(U37:W37,"<>Match")+IF(T37="past closed",1,0) -> 3 | Y37: =IF(X37=0,"Clean","Review") -> Review
A38: 001SYN000037 | B38: 006SYN000000037 | C38: AT | D38: MEE | E38: 12/Core-Adv-Omni/37K/Merrow | F38: Owner ME08 | G38: Merrow Travel GmbH | H38: Merrow Travel GmbH & Co. KG | I38: Media | J38: 4841 | K38: 4841 | L38: 558423989 | M38: 558423989 | N38: Business chemistry & scoping | O38: 45354 | P38: 45618 | Q38: Q4-2024 | R38: 37600 | S38: =IF(N38="Closed Won","",P38-ReportDate) -> -237 | T38: =IF(N38="Closed Won","closed",IF(S38<0,"past closed",IF(S38<=10,"update","on track"))) -> past closed | U38: =IF(H38="","No D&B match",IF(TRIM(G38)=TRIM(H38),"Match","Mismatch")) -> Mismatch | V38: =IF(K38="","No D&B match",IF(J38="","Missing in CRM",IF(J38=K38,"Match","Mismatch"))) -> Match | W38: =IF(M38="","No D&B match",IF(L38="","Missing in CRM",IF(L38=M38,"Match","Mismatch"))) -> Match | X38: =COUNTIF(U38:W38,"<>Match")+IF(T38="past closed",1,0) -> 2 | Y38: =IF(X38=0,"Clean","Review") -> Review
A39: 001SYN000038 | B39: 006SYN000000038 | C39: AT | D39: MEE | E39: 36/Core+Ecom+Omni/22K/Kestrel | F39: Owner ME09 | G39: Kestrel Living GmbH | I39: Media | N39: Closed Won | O39: 45622 | P39: 45768 | Q39: Q2-2025 | R39: 22800 | S39: =IF(N39="Closed Won","",P39-ReportDate) | T39: =IF(N39="Closed Won","closed",IF(S39<0,"past closed",IF(S39<=10,"update","on track"))) -> closed | U39: =IF(H39="","No D&B match",IF(TRIM(G39)=TRIM(H39),"Match","Mismatch")) -> No D&B match | V39: =IF(K39="","No D&B match",IF(J39="","Missing in CRM",IF(J39=K39,"Match","Mismatch"))) -> No D&B match | W39: =IF(M39="","No D&B match",IF(L39="","Missing in CRM",IF(L39=M39,"Match","Mismatch"))) -> No D&B match | X39: =COUNTIF(U39:W39,"<>Match")+IF(T39="past closed",1,0) -> 3 | Y39: =IF(X39=0,"Clean","Review") -> Review
A40: 001SYN000039 | B40: 006SYN000000039 | C40: CA | D40: NA | E40: 24/Core-Adv-Omni/53K/Arden | F40: Owner NA04 | G40: Arden Beauty Inc. | H40: Arden Beauty Incorporated | I40: Automotive | J40: 5511 | K40: 5511 | L40: 494163911 | M40: 494163911 | N40: Business chemistry & scoping | O40: 45595 | P40: 45721 | Q40: Q1-2025 | R40: 53400 | S40: =IF(N40="Closed Won","",P40-ReportDate) -> -134 | T40: =IF(N40="Closed Won","closed",IF(S40<0,"past closed",IF(S40<=10,"update","on track"))) -> past closed | U40: =IF(H40="","No D&B match",IF(TRIM(G40)=TRIM(H40),"Match","Mismatch")) -> Mismatch | V40: =IF(K40="","No D&B match",IF(J40="","Missing in CRM",IF(J40=K40,"Match","Mismatch"))) -> Match | W40: =IF(M40="","No D&B match",IF(L40="","Missing in CRM",IF(L40=M40,"Match","Mismatch"))) -> Match | X40: =COUNTIF(U40:W40,"<>Match")+IF(T40="past closed",1,0) -> 2 | Y40: =IF(X40=0,"Clean","Review") -> Review
A41: 001SYN000040 | B41: 006SYN000000040 | C41: DE | D41: MEE | E41: 24/Core+Ecom/72K/Brightmoor | F41: Owner ME05 | G41: Brightmoor Beauty GmbH | H41: Brightmoor Beauty GmbH | I41: Healthcare | J41: 8062 | K41: 8062 | L41: 570600796 | M41: 570600796 | N41: Business chemistry & scoping | O41: 45660 | P41: 45942 | Q41: Q4-2025 | R41: 72800 | S41: =IF(N41="Closed Won","",P41-ReportDate) -> 87 | T41: =IF(N41="Closed Won","closed",IF(S41<0,"past closed",IF(S41<=10,"update","on track"))) -> on track | U41: =IF(H41="","No D&B match",IF(TRIM(G41)=TRIM(H41),"Match","Mismatch")) -> Match | V41: =IF(K41="","No D&B match",IF(J41="","Missing in CRM",IF(J41=K41,"Match","Mismatch"))) -> Match | W41: =IF(M41="","No D&B match",IF(L41="","Missing in CRM",IF(L41=M41,"Match","Mismatch"))) -> Match | X41: =COUNTIF(U41:W41,"<>Match")+IF(T41="past closed",1,0) -> 0 | Y41: =IF(X41=0,"Clean","Review") -> Clean
A42: 001SYN000041 | B42: 006SYN000000041 | C42: UK | D42: EMEA NORTH | E42: 12/Core+Omni/124K/Quill | F42: Owner EN07 | G42: Quill Wine Ltd | H42: Quill Wine Limited | I42: Retail | J42: 5999 | K42: 5999 | L42: 541922492 | M42: 541922492 | N42: Solution presentation | O42: 45629 | P42: 45855 | Q42: Q3-2025 | R42: 124500 | S42: =IF(N42="Closed Won","",P42-ReportDate) -> 0 | T42: =IF(N42="Closed Won","closed",IF(S42<0,"past closed",IF(S42<=10,"update","on track"))) -> update | U42: =IF(H42="","No D&B match",IF(TRIM(G42)=TRIM(H42),"Match","Mismatch")) -> Mismatch | V42: =IF(K42="","No D&B match",IF(J42="","Missing in CRM",IF(J42=K42,"Match","Mismatch"))) -> Match | W42: =IF(M42="","No D&B match",IF(L42="","Missing in CRM",IF(L42=M42,"Match","Mismatch"))) -> Match | X42: =COUNTIF(U42:W42,"<>Match")+IF(T42="past closed",1,0) -> 1 | Y42: =IF(X42=0,"Clean","Review") -> Review
A43: 001SYN000042 | B43: 006SYN000000042 | C43: CH | D43: MEE | E43: 36/Core+Omni/168K/Arden | F43: Owner ME02 | G43: Arden Retail AG | H43: Arden Retail AG | I43: Financial Services | J43: 6022 | K43: 6022 | L43: 341925478 | M43: 341925478 | N43: Solution presentation | O43: 45321 | P43: 45438 | Q43: Q2-2024 | R43: 168500 | S43: =IF(N43="Closed Won","",P43-ReportDate) -> -417 | T43: =IF(N43="Closed Won","closed",IF(S43<0,"past closed",IF(S43<=10,"update","on track"))) -> past closed | U43: =IF(H43="","No D&B match",IF(TRIM(G43)=TRIM(H43),"Match","Mismatch")) -> Match | V43: =IF(K43="","No D&B match",IF(J43="","Missing in CRM",IF(J43=K43,"Match","Mismatch"))) -> Match | W43: =IF(M43="","No D&B match",IF(L43="","Missing in CRM",IF(L43=M43,"Match","Mismatch"))) -> Match | X43: =COUNTIF(U43:W43,"<>Match")+IF(T43="past closed",1,0) -> 1 | Y43: =IF(X43=0,"Clean","Review") -> Review
A44: 001SYN000043 | B44: 006SYN000000043 | C44: AT | D44: MEE | E44: 36/Core-Adv-Omni/227K/Linden | F44: Owner ME05 | G44: Linden Brands GmbH | H44: Linden Brands GmbH | I44: eCommerce | J44: 5961 | K44: 5961 | L44: 314744624 | M44: 314744624 | N44: Solution presentation | O44: 45417 | P44: 45542 | Q44: Q3-2024 | R44: 227200 | S44: =IF(N44="Closed Won","",P44-ReportDate) -> -313 | T44: =IF(N44="Closed Won","closed",IF(S44<0,"past closed",IF(S44<=10,"update","on track"))) -> past closed | U44: =IF(H44="","No D&B match",IF(TRIM(G44)=TRIM(H44),"Match","Mismatch")) -> Match | V44: =IF(K44="","No D&B match",IF(J44="","Missing in CRM",IF(J44=K44,"Match","Mismatch"))) -> Match | W44: =IF(M44="","No D&B match",IF(L44="","Missing in CRM",IF(L44=M44,"Match","Mismatch"))) -> Match | X44: =COUNTIF(U44:W44,"<>Match")+IF(T44="past closed",1,0) -> 1 | Y44: =IF(X44=0,"Clean","Review") -> Review
A45: 001SYN000044 | B45: 006SYN000000044 | C45: AT | D45: MEE | E45: 36/Core+Ecom/302K/Sable | F45: Owner ME03 | G45: Sable Foods GmbH | H45: Sable Foods GmbH | I45: eCommerce | J45: 5961 | K45: 5961 | L45: 311179083 | M45: 311179083 | N45: Solution presentation | O45: 45772 | P45: 45978 | Q45: Q4-2025 | R45: 302800 | S45: =IF(N45="Closed Won","",P45-ReportDate) -> 123 | T45: =IF(N45="Closed Won","closed",IF(S45<0,"past closed",IF(S45<=10,"update","on track"))) -> on track | U45: =IF(H45="","No D&B match",IF(TRIM(G45)=TRIM(H45),"Match","Mismatch")) -> Match | V45: =IF(K45="","No D&B match",IF(J45="","Missing in CRM",IF(J45=K45,"Match","Mismatch"))) -> Match | W45: =IF(M45="","No D&B match",IF(L45="","Missing in CRM",IF(L45=M45,"Match","Mismatch"))) -> Match | X45: =COUNTIF(U45:W45,"<>Match")+IF(T45="past closed",1,0) -> 0 | Y45: =IF(X45=0,"Clean","Review") -> Clean
A46: 001SYN000045 | B46: 006SYN000000045 | C46: CO | D46: LATAM | E46: 24/Core+Omni/249K/Alder | F46: Owner LA02 | G46: Alder Beauty S.A.S. | H46: Alder Beauty S.A.S. | I46: Consumer Products | J46: 5122 | K46: 5122 | L46: 829445937 | M46: 829445937 | N46: Business chemistry & scoping | O46: 45478 | P46: 45615 | Q46: Q4-2024 | R46: 249300 | S46: =IF(N46="Closed Won","",P46-ReportDate) -> -240 | T46: =IF(N46="Closed Won","closed",IF(S46<0,"past closed",IF(S46<=10,"update","on track"))) -> past closed | U46: =IF(H46="","No D&B match",IF(TRIM(G46)=TRIM(H46),"Match","Mismatch")) -> Match | V46: =IF(K46="","No D&B match",IF(J46="","Missing in CRM",IF(J46=K46,"Match","Mismatch"))) -> Match | W46: =IF(M46="","No D&B match",IF(L46="","Missing in CRM",IF(L46=M46,"Match","Mismatch"))) -> Match | X46: =COUNTIF(U46:W46,"<>Match")+IF(T46="past closed",1,0) -> 1 | Y46: =IF(X46=0,"Clean","Review") -> Review
A47: 001SYN000046 | B47: 006SYN000000046 | C47: BR | D47: LATAM | E47: 24/Core+Ecom/136K/Wexley | F47: Owner LA04 | G47: Wexley Living Ltda | I47: Retail | N47: Business chemistry & scoping | O47: 45615 | P47: 45710 | Q47: Q1-2025 | R47: 136700 | S47: =IF(N47="Closed Won","",P47-ReportDate) -> -145 | T47: =IF(N47="Closed Won","closed",IF(S47<0,"past closed",IF(S47<=10,"update","on track"))) -> past closed | U47: =IF(H47="","No D&B match",IF(TRIM(G47)=TRIM(H47),"Match","Mismatch")) -> No D&B match | V47: =IF(K47="","No D&B match",IF(J47="","Missing in CRM",IF(J47=K47,"Match","Mismatch"))) -> No D&B match | W47: =IF(M47="","No D&B match",IF(L47="","Missing in CRM",IF(L47=M47,"Match","Mismatch"))) -> No D&B match | X47: =COUNTIF(U47:W47,"<>Match")+IF(T47="past closed",1,0) -> 4 | Y47: =IF(X47=0,"Clean","Review") -> Review
A48: 001SYN000003 | B48: 006SYN000000047 | C48: DK | D48: EMEA NORTH | E48: 12/Essentials+Mob/160K/Ashby | F48: Owner EN07 | G48: Larch Fashion A/S | H48: Larch Fashion A/S | I48: Financial Services | J48: 6022 | K48: 6022 | L48: 431589562 | M48: 431589562 | N48: Business chemistry & scoping | O48: 45801 | P48: 45981 | Q48: Q4-2025 | R48: 160400 | S48: =IF(N48="Closed Won","",P48-ReportDate) -> 126 | T48: =IF(N48="Closed Won","closed",IF(S48<0,"past closed",IF(S48<=10,"update","on track"))) -> on track | U48: =IF(H48="","No D&B match",IF(TRIM(G48)=TRIM(H48),"Match","Mismatch")) -> Match | V48: =IF(K48="","No D&B match",IF(J48="","Missing in CRM",IF(J48=K48,"Match","Mismatch"))) -> Match | W48: =IF(M48="","No D&B match",IF(L48="","Missing in CRM",IF(L48=M48,"Match","Mismatch"))) -> Match | X48: =COUNTIF(U48:W48,"<>Match")+IF(T48="past closed",1,0) -> 0 | Y48: =IF(X48=0,"Clean","Review") -> Clean
A49: 001SYN000048 | B49: 006SYN000000048 | C49: IT | D49: EMEA SOUTH | E49: 12/Core-Adv-Omni/26K/Holloway | F49: Owner ES03 | G49: Holloway Outdoor S.p.A. | H49: Holloway Outdoor S.p.A. | I49: Consumer Products | J49: 5122 | K49: 5122 | L49: 429237953 | M49: 429237953 | N49: Closed Won | O49: 45479 | P49: 45557 | Q49: Q3-2024 | R49: 26200 | S49: =IF(N49="Closed Won","",P49-ReportDate) | T49: =IF(N49="Closed Won","closed",IF(S49<0,"past closed",IF(S49<=10,"update","on track"))) -> closed | U49: =IF(H49="","No D&B match",IF(TRIM(G49)=TRIM(H49),"Match","Mismatch")) -> Match | V49: =IF(K49="","No D&B match",IF(J49="","Missing in CRM",IF(J49=K49,"Match","Mismatch"))) -> Match | W49: =IF(M49="","No D&B match",IF(L49="","Missing in CRM",IF(L49=M49,"Match","Mismatch"))) -> Match | X49: =COUNTIF(U49:W49,"<>Match")+IF(T49="past closed",1,0) -> 0 | Y49: =IF(X49=0,"Clean","Review") -> Clean
A50: 001SYN000049 | B50: 006SYN000000049 | C50: FR | D50: EMEA SOUTH | E50: 24/Core+Loyalty/71K/Merrow | F50: Owner ES06 | G50: Merrow Home SAS | H50: Merrow Home SAS | I50: Travel & Hospitality | J50: 7011 | K50: 7011 | L50: 159598799 | M50: 159598799 | N50: Tech agreement | O50: 45463 | P50: 45547 | Q50: Q3-2024 | R50: 71200 | S50: =IF(N50="Closed Won","",P50-ReportDate) -> -308 | T50: =IF(N50="Closed Won","closed",IF(S50<0,"past closed",IF(S50<=10,"update","on track"))) -> past closed | U50: =IF(H50="","No D&B match",IF(TRIM(G50)=TRIM(H50),"Match","Mismatch")) -> Match | V50: =IF(K50="","No D&B match",IF(J50="","Missing in CRM",IF(J50=K50,"Match","Mismatch"))) -> Match | W50: =IF(M50="","No D&B match",IF(L50="","Missing in CRM",IF(L50=M50,"Match","Mismatch"))) -> Match | X50: =COUNTIF(U50:W50,"<>Match")+IF(T50="past closed",1,0) -> 1 | Y50: =IF(X50=0,"Clean","Review") -> Review
A51: 001SYN000050 | B51: 006SYN000000050 | C51: IE | D51: EMEA NORTH | E51: 12/Core+Ecom/128K/Quill | F51: Owner EN02 | G51: Quill Outdoor Ltd | H51: Quill Outdoor Limited | I51: Financial Services | J51: 6022 | K51: 6022 | L51: 787486867 | M51: 787486867 | N51: Tech agreement | O51: 45656 | P51: 45922 | Q51: Q3-2025 | R51: 128400 | S51: =IF(N51="Closed Won","",P51-ReportDate) -> 67 | T51: =IF(N51="Closed Won","closed",IF(S51<0,"past closed",IF(S51<=10,"update","on track"))) -> on track | U51: =IF(H51="","No D&B match",IF(TRIM(G51)=TRIM(H51),"Match","Mismatch")) -> Mismatch | V51: =IF(K51="","No D&B match",IF(J51="","Missing in CRM",IF(J51=K51,"Match","Mismatch"))) -> Match | W51: =IF(M51="","No D&B match",IF(L51="","Missing in CRM",IF(L51=M51,"Match","Mismatch"))) -> Match | X51: =COUNTIF(U51:W51,"<>Match")+IF(T51="past closed",1,0) -> 1 | Y51: =IF(X51=0,"Clean","Review") -> Review
A52: 001SYN000051 | B52: 006SYN000000051 | C52: IE | D52: EMEA NORTH | E52: 12/Core-Adv-Omni/87K/Vesta | F52: Owner EN06 | G52: Vesta Outdoor Ltd | H52: Vesta Outdoor Ltd | I52: Travel & Hospitality | J52: 5961 | K52: 7011 | L52: 772780479 | M52: 189535586 | N52: Solution presentation | O52: 45512 | P52: 45768 | Q52: Q2-2025 | R52: 87600 | S52: =IF(N52="Closed Won","",P52-ReportDate) -> -87 | T52: =IF(N52="Closed Won","closed",IF(S52<0,"past closed",IF(S52<=10,"update","on track"))) -> past closed | U52: =IF(H52="","No D&B match",IF(TRIM(G52)=TRIM(H52),"Match","Mismatch")) -> Match | V52: =IF(K52="","No D&B match",IF(J52="","Missing in CRM",IF(J52=K52,"Match","Mismatch"))) -> Mismatch | W52: =IF(M52="","No D&B match",IF(L52="","Missing in CRM",IF(L52=M52,"Match","Mismatch"))) -> Mismatch | X52: =COUNTIF(U52:W52,"<>Match")+IF(T52="past closed",1,0) -> 3 | Y52: =IF(X52=0,"Clean","Review") -> Review
A53: 001SYN000052 | B53: 006SYN000000052 | C53: AT | D53: MEE | E53: 12/Essentials+Mob/293K/Halden | F53: Owner ME09 | G53: Halden Travel GmbH | H53: Halden Travel GmbH | I53: Travel & Hospitality | J53: 7011 | K53: 7011 | L53: 695870747 | M53: 695870747 | N53: Solution presentation | O53: 45446 | P53: 45632 | Q53: Q4-2024 | R53: 293600 | S53: =IF(N53="Closed Won","",P53-ReportDate) -> -223 | T53: =IF(N53="Closed Won","closed",IF(S53<0,"past closed",IF(S53<=10,"update","on track"))) -> past closed | U53: =IF(H53="","No D&B match",IF(TRIM(G53)=TRIM(H53),"Match","Mismatch")) -> Match | V53: =IF(K53="","No D&B match",IF(J53="","Missing in CRM",IF(J53=K53,"Match","Mismatch"))) -> Match | W53: =IF(M53="","No D&B match",IF(L53="","Missing in CRM",IF(L53=M53,"Match","Mismatch"))) -> Match | X53: =COUNTIF(U53:W53,"<>Match")+IF(T53="past closed",1,0) -> 1 | Y53: =IF(X53=0,"Clean","Review") -> Review
A54: 001SYN000053 | B54: 006SYN000000053 | C54: TR | D54: EMEA SOUTH | E54: 12/Core+Omni/397K/Arden | F54: Owner ES03 | G54: Arden Living A.S. | H54: Arden Living A.S. | I54: Media | J54: 4841 | K54: 4841 | L54: 376112768 | M54: 376112768 | N54: Solution presentation | O54: 45658 | P54: 45918 | Q54: Q3-2025 | R54: 397600 | S54: =IF(N54="Closed Won","",P54-ReportDate) -> 63 | T54: =IF(N54="Closed Won","closed",IF(S54<0,"past closed",IF(S54<=10,"update","on track"))) -> on track | U54: =IF(H54="","No D&B match",IF(TRIM(G54)=TRIM(H54),"Match","Mismatch")) -> Match | V54: =IF(K54="","No D&B match",IF(J54="","Missing in CRM",IF(J54=K54,"Match","Mismatch"))) -> Match | W54: =IF(M54="","No D&B match",IF(L54="","Missing in CRM",IF(L54=M54,"Match","Mismatch"))) -> Match | X54: =COUNTIF(U54:W54,"<>Match")+IF(T54="past closed",1,0) -> 0 | Y54: =IF(X54=0,"Clean","Review") -> Clean
A55: 001SYN000054 | B55: 006SYN000000054 | C55: AE | D55: EMEA SOUTH | E55: 12/Essentials+Mob/214K/Merrow | F55: Owner ES05 | G55: Merrow Wine LLC | H55: Merrow Wine LLC | I55: Travel & Hospitality | J55: 7011 | K55: 7011 | L55: 531006272 | M55: 531006272 | N55: Business chemistry & scoping | O55: 45632 | P55: 45890 | Q55: Q3-2025 | R55: 214100 | S55: =IF(N55="Closed Won","",P55-ReportDate) -> 35 | T55: =IF(N55="Closed Won","closed",IF(S55<0,"past closed",IF(S55<=10,"update","on track"))) -> on track | U55: =IF(H55="","No D&B match",IF(TRIM(G55)=TRIM(H55),"Match","Mismatch")) -> Match | V55: =IF(K55="","No D&B match",IF(J55="","Missing in CRM",IF(J55=K55,"Match","Mismatch"))) -> Match | W55: =IF(M55="","No D&B match",IF(L55="","Missing in CRM",IF(L55=M55,"Match","Mismatch"))) -> Match | X55: =COUNTIF(U55:W55,"<>Match")+IF(T55="past closed",1,0) -> 0 | Y55: =IF(X55=0,"Clean","Review") -> Clean
A56: 001SYN000055 | B56: 006SYN000000055 | C56: ES | D56: EMEA SOUTH | E56: 12/Core-Adv-Omni/40K/Tavish | F56: Owner ES04 | G56: Tavish Pharma S.L. | H56: Tavish Pharma S.L. | I56: Travel & Hospitality | J56: 7011 | K56: 7011 | L56: 112750338 | M56: 112750338 | N56: Closed Won | O56: 45718 | P56: 45792 | Q56: Q2-2025 | R56: 40400 | S56: =IF(N56="Closed Won","",P56-ReportDate) | T56: =IF(N56="Closed Won","closed",IF(S56<0,"past closed",IF(S56<=10,"update","on track"))) -> closed | U56: =IF(H56="","No D&B match",IF(TRIM(G56)=TRIM(H56),"Match","Mismatch")) -> Match | V56: =IF(K56="","No D&B match",IF(J56="","Missing in CRM",IF(J56=K56,"Match","Mismatch"))) -> Match | W56: =IF(M56="","No D&B match",IF(L56="","Missing in CRM",IF(L56=M56,"Match","Mismatch"))) -> Match | X56: =COUNTIF(U56:W56,"<>Match")+IF(T56="past closed",1,0) -> 0 | Y56: =IF(X56=0,"Clean","Review") -> Clean
A57: 001SYN000056 | B57: 006SYN000000056 | C57: TR | D57: EMEA SOUTH | E57: 24/Core+Omni/259K/Corvale | F57: Owner ES01 | G57: Corvale Optics A.S. | H57: Corvale Optics A.S. | I57: Financial Services | J57: 6022 | K57: 6022 | L57: 736278288 | M57: 736278288 | N57: Business chemistry & scoping | O57: 45688 | P57: 45936 | Q57: Q4-2025 | R57: 259200 | S57: =IF(N57="Closed Won","",P57-ReportDate) -> 81 | T57: =IF(N57="Closed Won","closed",IF(S57<0,"past closed",IF(S57<=10,"update","on track"))) -> on track | U57: =IF(H57="","No D&B match",IF(TRIM(G57)=TRIM(H57),"Match","Mismatch")) -> Match | V57: =IF(K57="","No D&B match",IF(J57="","Missing in CRM",IF(J57=K57,"Match","Mismatch"))) -> Match | W57: =IF(M57="","No D&B match",IF(L57="","Missing in CRM",IF(L57=M57,"Match","Mismatch"))) -> Match | X57: =COUNTIF(U57:W57,"<>Match")+IF(T57="past closed",1,0) -> 0 | Y57: =IF(X57=0,"Clean","Review") -> Clean
A58: 001SYN000057 | B58: 006SYN000000057 | C58: CN | D58: GCN | E58: 12/Essentials+Mob/172K/Juniper | F58: Owner GC01 | G58: Juniper Retail Co., Ltd | I58: Retail | N58: Solution presentation | O58: 45803 | P58: 45970 | Q58: Q4-2025 | R58: 172100 | S58: =IF(N58="Closed Won","",P58-ReportDate) -> 115 | T58: =IF(N58="Closed Won","closed",IF(S58<0,"past closed",IF(S58<=10,"update","on track"))) -> on track | U58: =IF(H58="","No D&B match",IF(TRIM(G58)=TRIM(H58),"Match","Mismatch")) -> No D&B match | V58: =IF(K58="","No D&B match",IF(J58="","Missing in CRM",IF(J58=K58,"Match","Mismatch"))) -> No D&B match | W58: =IF(M58="","No D&B match",IF(L58="","Missing in CRM",IF(L58=M58,"Match","Mismatch"))) -> No D&B match | X58: =COUNTIF(U58:W58,"<>Match")+IF(T58="past closed",1,0) -> 3 | Y58: =IF(X58=0,"Clean","Review") -> Review
A59: 001SYN000058 | B59: 006SYN000000058 | C59: CA | D59: NA | E59: 24/Core+Ecom/20K/Carrow | F59: Owner NA06 | G59: Carrow Outdoor Inc. | H59: Carrow Outdoor Inc. | I59: eCommerce | J59: 5961 | K59: 5961 | L59: 624150431 | M59: 624150431 | N59: Closed Won | O59: 45748 | P59: 45799 | Q59: Q2-2025 | R59: 20400 | S59: =IF(N59="Closed Won","",P59-ReportDate) | T59: =IF(N59="Closed Won","closed",IF(S59<0,"past closed",IF(S59<=10,"update","on track"))) -> closed | U59: =IF(H59="","No D&B match",IF(TRIM(G59)=TRIM(H59),"Match","Mismatch")) -> Match | V59: =IF(K59="","No D&B match",IF(J59="","Missing in CRM",IF(J59=K59,"Match","Mismatch"))) -> Match | W59: =IF(M59="","No D&B match",IF(L59="","Missing in CRM",IF(L59=M59,"Match","Mismatch"))) -> Match | X59: =COUNTIF(U59:W59,"<>Match")+IF(T59="past closed",1,0) -> 0 | Y59: =IF(X59=0,"Clean","Review") -> Clean
A60: 001SYN000059 | B60: 006SYN000000059 | C60: CH | D60: MEE | E60: 24/Core+Loyalty/440K/Juniper | F60: Owner ME09 | G60: Juniper Pharma AG | I60: Healthcare | N60: Closed Won | O60: 45634 | P60: 45684 | Q60: Q1-2025 | R60: 440900 | S60: =IF(N60="Closed Won","",P60-ReportDate) | T60: =IF(N60="Closed Won","closed",IF(S60<0,"past closed",IF(S60<=10,"update","on track"))) -> closed | U60: =IF(H60="","No D&B match",IF(TRIM(G60)=TRIM(H60),"Match","Mismatch")) -> No D&B match | V60: =IF(K60="","No D&B match",IF(J60="","Missing in CRM",IF(J60=K60,"Match","Mismatch"))) -> No D&B match | W60: =IF(M60="","No D&B match",IF(L60="","Missing in CRM",IF(L60=M60,"Match","Mismatch"))) -> No D&B match | X60: =COUNTIF(U60:W60,"<>Match")+IF(T60="past closed",1,0) -> 3 | Y60: =IF(X60=0,"Clean","Review") -> Review
A61: 001SYN000060 | B61: 006SYN000000060 | C61: SE | D61: EMEA NORTH | E61: 12/Core-Adv-Omni/33K/Fenwick | F61: Owner EN06 | G61: Fenwick Home AB | H61: Fenwick Home AB | I61: Consumer Products | J61: 5122 | K61: 5122 | L61: 739847731 | M61: 739847731 | N61: Solution presentation | O61: 45619 | P61: 45885 | Q61: Q3-2025 | R61: 33400 | S61: =IF(N61="Closed Won","",P61-ReportDate) -> 30 | T61: =IF(N61="Closed Won","closed",IF(S61<0,"past closed",IF(S61<=10,"update","on track"))) -> on track | U61: =IF(H61="","No D&B match",IF(TRIM(G61)=TRIM(H61),"Match","Mismatch")) -> Match | V61: =IF(K61="","No D&B match",IF(J61="","Missing in CRM",IF(J61=K61,"Match","Mismatch"))) -> Match | W61: =IF(M61="","No D&B match",IF(L61="","Missing in CRM",IF(L61=M61,"Match","Mismatch"))) -> Match | X61: =COUNTIF(U61:W61,"<>Match")+IF(T61="past closed",1,0) -> 0 | Y61: =IF(X61=0,"Clean","Review") -> Clean
A62: 001SYN000061 | B62: 006SYN000000061 | C62: DK | D62: EMEA NORTH | E62: 12/Core+Omni/34K/Sable | F62: Owner EN02 | G62: Sable Media A/S | H62: Sable Media A/S | I62: Travel & Hospitality | K62: 7011 | M62: 861946990 | N62: Solution presentation | O62: 45687 | P62: 45874 | Q62: Q3-2025 | R62: 34300 | S62: =IF(N62="Closed Won","",P62-ReportDate) -> 19 | T62: =IF(N62="Closed Won","closed",IF(S62<0,"past closed",IF(S62<=10,"update","on track"))) -> on track | U62: =IF(H62="","No D&B match",IF(TRIM(G62)=TRIM(H62),"Match","Mismatch")) -> Match | V62: =IF(K62="","No D&B match",IF(J62="","Missing in CRM",IF(J62=K62,"Match","Mismatch"))) -> Missing in CRM | W62: =IF(M62="","No D&B match",IF(L62="","Missing in CRM",IF(L62=M62,"Match","Mismatch"))) -> Missing in CRM | X62: =COUNTIF(U62:W62,"<>Match")+IF(T62="past closed",1,0) -> 2 | Y62: =IF(X62=0,"Clean","Review") -> Review
A63: 001SYN000062 | B63: 006SYN000000062 | C63: ES | D63: EMEA SOUTH | E63: 12/Core+Ecom/77K/Thorne | F63: Owner ES03 | G63: Thorne Fashion S.L. | H63: Thorne Fashion S.L. | I63: Travel & Hospitality | K63: 7011 | M63: 470016259 | N63: Business chemistry & scoping | O63: 45324 | P63: 45414 | Q63: Q2-2024 | R63: 77600 | S63: =IF(N63="Closed Won","",P63-ReportDate) -> -441 | T63: =IF(N63="Closed Won","closed",IF(S63<0,"past closed",IF(S63<=10,"update","on track"))) -> past closed | U63: =IF(H63="","No D&B match",IF(TRIM(G63)=TRIM(H63),"Match","Mismatch")) -> Match | V63: =IF(K63="","No D&B match",IF(J63="","Missing in CRM",IF(J63=K63,"Match","Mismatch"))) -> Missing in CRM | W63: =IF(M63="","No D&B match",IF(L63="","Missing in CRM",IF(L63=M63,"Match","Mismatch"))) -> Missing in CRM | X63: =COUNTIF(U63:W63,"<>Match")+IF(T63="past closed",1,0) -> 3 | Y63: =IF(X63=0,"Clean","Review") -> Review
A64: 001SYN000063 | B64: 006SYN000000063 | C64: AU | D64: APJ | E64: 24/Core+Omni/84K/Oriel | F64: Owner AP01 | G64: Oriel Pharma Pty Ltd | H64: Oriel Pharma Pty Ltd | I64: Media | J64: 4841 | K64: 4841 | L64: 945054255 | M64: 945054255 | N64: Solution presentation | O64: 45366 | P64: 45608 | Q64: Q4-2024 | R64: 84300 | S64: =IF(N64="Closed Won","",P64-ReportDate) -> -247 | T64: =IF(N64="Closed Won","closed",IF(S64<0,"past closed",IF(S64<=10,"update","on track"))) -> past closed | U64: =IF(H64="","No D&B match",IF(TRIM(G64)=TRIM(H64),"Match","Mismatch")) -> Match | V64: =IF(K64="","No D&B match",IF(J64="","Missing in CRM",IF(J64=K64,"Match","Mismatch"))) -> Match | W64: =IF(M64="","No D&B match",IF(L64="","Missing in CRM",IF(L64=M64,"Match","Mismatch"))) -> Match | X64: =COUNTIF(U64:W64,"<>Match")+IF(T64="past closed",1,0) -> 1 | Y64: =IF(X64=0,"Clean","Review") -> Review
A65: 001SYN000064 | B65: 006SYN000000064 | C65: CZ | D65: MEE | E65: 12/Core-Adv-Omni/473K/Sable | F65: Owner ME04 | G65: Sable Outdoor s.r.o. | H65: Sable Outdoor s.r.o. | I65: Travel & Hospitality | J65: 7011 | K65: 7011 | L65: 148148713 | M65: 148148713 | N65: Solution presentation | O65: 45731 | P65: 45845 | Q65: Q3-2025 | R65: 473500 | S65: =IF(N65="Closed Won","",P65-ReportDate) -> -10 | T65: =IF(N65="Closed Won","closed",IF(S65<0,"past closed",IF(S65<=10,"update","on track"))) -> past closed | U65: =IF(H65="","No D&B match",IF(TRIM(G65)=TRIM(H65),"Match","Mismatch")) -> Match | V65: =IF(K65="","No D&B match",IF(J65="","Missing in CRM",IF(J65=K65,"Match","Mismatch"))) -> Match | W65: =IF(M65="","No D&B match",IF(L65="","Missing in CRM",IF(L65=M65,"Match","Mismatch"))) -> Match | X65: =COUNTIF(U65:W65,"<>Match")+IF(T65="past closed",1,0) -> 1 | Y65: =IF(X65=0,"Clean","Review") -> Review
A66: 001SYN000065 | B66: 006SYN000000065 | C66: AT | D66: MEE | E66: 36/Core+Ecom+Omni/26K/Arden | F66: Owner ME04 | G66: Arden Motors GmbH | H66: Arden Motors GmbH & Co. KG | I66: Retail | J66: 5999 | K66: 5999 | L66: 418018289 | M66: 418018289 | N66: Solution presentation | O66: 45551 | P66: 45629 | Q66: Q4-2024 | R66: 26100 | S66: =IF(N66="Closed Won","",P66-ReportDate) -> -226 | T66: =IF(N66="Closed Won","closed",IF(S66<0,"past closed",IF(S66<=10,"update","on track"))) -> past closed | U66: =IF(H66="","No D&B match",IF(TRIM(G66)=TRIM(H66),"Match","Mismatch")) -> Mismatch | V66: =IF(K66="","No D&B match",IF(J66="","Missing in CRM",IF(J66=K66,"Match","Mismatch"))) -> Match | W66: =IF(M66="","No D&B match",IF(L66="","Missing in CRM",IF(L66=M66,"Match","Mismatch"))) -> Match | X66: =COUNTIF(U66:W66,"<>Match")+IF(T66="past closed",1,0) -> 2 | Y66: =IF(X66=0,"Clean","Review") -> Review
A67: 001SYN000066 | B67: 006SYN000000066 | C67: AE | D67: EMEA SOUTH | E67: 12/Core+Omni/24K/Brightmoor | F67: Owner ES04 | G67: Brightmoor Motors LLC | H67: Brightmoor Motors LLC | I67: Healthcare | J67: 8062 | K67: 8062 | L67: 238953874 | M67: 238953874 | N67: Business chemistry & scoping | O67: 45681 | P67: 45792 | Q67: Q2-2025 | R67: 24900 | S67: =IF(N67="Closed Won","",P67-ReportDate) -> -63 | T67: =IF(N67="Closed Won","closed",IF(S67<0,"past closed",IF(S67<=10,"update","on track"))) -> past closed | U67: =IF(H67="","No D&B match",IF(TRIM(G67)=TRIM(H67),"Match","Mismatch")) -> Match | V67: =IF(K67="","No D&B match",IF(J67="","Missing in CRM",IF(J67=K67,"Match","Mismatch"))) -> Match | W67: =IF(M67="","No D&B match",IF(L67="","Missing in CRM",IF(L67=M67,"Match","Mismatch"))) -> Match | X67: =COUNTIF(U67:W67,"<>Match")+IF(T67="past closed",1,0) -> 1 | Y67: =IF(X67=0,"Clean","Review") -> Review
A68: 001SYN000002 | B68: 006SYN000000067 | C68: DE | D68: MEE | E68: 12/Core+Loyalty/83K/Fenwick | F68: Owner ME07 | G68: Calder Travel GmbH | H68: Calder Travel GmbH | I68: Consumer Products | J68: 5122 | K68: 5122 | L68: 353587990 | M68: 353587990 | N68: Business chemistry & scoping | O68: 45610 | P68: 45874 | Q68: Q3-2025 | R68: 83500 | S68: =IF(N68="Closed Won","",P68-ReportDate) -> 19 | T68: =IF(N68="Closed Won","closed",IF(S68<0,"past closed",IF(S68<=10,"update","on track"))) -> on track | U68: =IF(H68="","No D&B match",IF(TRIM(G68)=TRIM(H68),"Match","Mismatch")) -> Match | V68: =IF(K68="","No D&B match",IF(J68="","Missing in CRM",IF(J68=K68,"Match","Mismatch"))) -> Match | W68: =IF(M68="","No D&B match",IF(L68="","Missing in CRM",IF(L68=M68,"Match","Mismatch"))) -> Match | X68: =COUNTIF(U68:W68,"<>Match")+IF(T68="past closed",1,0) -> 0 | Y68: =IF(X68=0,"Clean","Review") -> Clean
A69: 001SYN000068 | B69: 006SYN000000068 | C69: HK | D69: GCN | E69: 12/Essentials+Mob/39K/Vesta | F69: Owner GC02 | G69: Vesta Foods Limited | I69: Media | N69: Contracting | O69: 45460 | P69: 45693 | Q69: Q1-2025 | R69: 39800 | S69: =IF(N69="Closed Won","",P69-ReportDate) -> -162 | T69: =IF(N69="Closed Won","closed",IF(S69<0,"past closed",IF(S69<=10,"update","on track"))) -> past closed | U69: =IF(H69="","No D&B match",IF(TRIM(G69)=TRIM(H69),"Match","Mismatch")) -> No D&B match | V69: =IF(K69="","No D&B match",IF(J69="","Missing in CRM",IF(J69=K69,"Match","Mismatch"))) -> No D&B match | W69: =IF(M69="","No D&B match",IF(L69="","Missing in CRM",IF(L69=M69,"Match","Mismatch"))) -> No D&B match | X69: =COUNTIF(U69:W69,"<>Match")+IF(T69="past closed",1,0) -> 4 | Y69: =IF(X69=0,"Clean","Review") -> Review
A70: 001SYN000069 | B70: 006SYN000000069 | C70: US | D70: NA | E70: 36/Core+Ecom/264K/Kestrel | F70: Owner NA02 | G70: Kestrel Fashion Inc. | H70: Kestrel Fashion Inc. | I70: Financial Services | J70: 8062 | K70: 6022 | L70: 475690098 | M70: 568512407 | N70: Commercial agreement | O70: 45497 | P70: 45581 | Q70: Q4-2024 | R70: 264200 | S70: =IF(N70="Closed Won","",P70-ReportDate) -> -274 | T70: =IF(N70="Closed Won","closed",IF(S70<0,"past closed",IF(S70<=10,"update","on track"))) -> past closed | U70: =IF(H70="","No D&B match",IF(TRIM(G70)=TRIM(H70),"Match","Mismatch")) -> Match | V70: =IF(K70="","No D&B match",IF(J70="","Missing in CRM",IF(J70=K70,"Match","Mismatch"))) -> Mismatch | W70: =IF(M70="","No D&B match",IF(L70="","Missing in CRM",IF(L70=M70,"Match","Mismatch"))) -> Mismatch | X70: =COUNTIF(U70:W70,"<>Match")+IF(T70="past closed",1,0) -> 3 | Y70: =IF(X70=0,"Clean","Review") -> Review
A71: 001SYN000070 | B71: 006SYN000000070 | C71: CO | D71: LATAM | E71: 24/Core+Omni/46K/Penrose | F71: Owner LA02 | G71: Penrose Home S.A.S. | H71: Penrose Home S.A.S. | I71: Travel & Hospitality | J71: 7011 | K71: 7011 | L71: 518172416 | M71: 518172416 | N71: Business chemistry & scoping | O71: 45548 | P71: 45613 | Q71: Q4-2024 | R71: 46200 | S71: =IF(N71="Closed Won","",P71-ReportDate) -> -242 | T71: =IF(N71="Closed Won","closed",IF(S71<0,"past closed",IF(S71<=10,"update","on track"))) -> past closed | U71: =IF(H71="","No D&B match",IF(TRIM(G71)=TRIM(H71),"Match","Mismatch")) -> Match | V71: =IF(K71="","No D&B match",IF(J71="","Missing in CRM",IF(J71=K71,"Match","Mismatch"))) -> Match | W71: =IF(M71="","No D&B match",IF(L71="","Missing in CRM",IF(L71=M71,"Match","Mismatch"))) -> Match | X71: =COUNTIF(U71:W71,"<>Match")+IF(T71="past closed",1,0) -> 1 | Y71: =IF(X71=0,"Clean","Review") -> Review
A72: 001SYN000071 | B72: 006SYN000000071 | C72: AT | D72: MEE | E72: 24/Essentials+Mob/177K/North | F72: Owner ME01 | G72: North Motors GmbH | H72: North Motors GmbH | I72: Automotive | K72: 5511 | M72: 846583106 | N72: Business chemistry & scoping | O72: 45387 | P72: 45533 | Q72: Q3-2024 | R72: 177500 | S72: =IF(N72="Closed Won","",P72-ReportDate) -> -322 | T72: =IF(N72="Closed Won","closed",IF(S72<0,"past closed",IF(S72<=10,"update","on track"))) -> past closed | U72: =IF(H72="","No D&B match",IF(TRIM(G72)=TRIM(H72),"Match","Mismatch")) -> Match | V72: =IF(K72="","No D&B match",IF(J72="","Missing in CRM",IF(J72=K72,"Match","Mismatch"))) -> Missing in CRM | W72: =IF(M72="","No D&B match",IF(L72="","Missing in CRM",IF(L72=M72,"Match","Mismatch"))) -> Missing in CRM | X72: =COUNTIF(U72:W72,"<>Match")+IF(T72="past closed",1,0) -> 3 | Y72: =IF(X72=0,"Clean","Review") -> Review
A73: 001SYN000072 | B73: 006SYN000000072 | C73: AT | D73: MEE | E73: 36/Essentials+Mob/318K/Sable | F73: Owner ME06 | G73: Sable Retail GmbH | H73: Sable Retail GmbH & Co. KG | I73: Travel & Hospitality | J73: 7011 | K73: 7011 | L73: 107038196 | M73: 107038196 | N73: Solution presentation | O73: 45329 | P73: 45509 | Q73: Q3-2024 | R73: 318200 | S73: =IF(N73="Closed Won","",P73-ReportDate) -> -346 | T73: =IF(N73="Closed Won","closed",IF(S73<0,"past closed",IF(S73<=10,"update","on track"))) -> past closed | U73: =IF(H73="","No D&B match",IF(TRIM(G73)=TRIM(H73),"Match","Mismatch")) -> Mismatch | V73: =IF(K73="","No D&B match",IF(J73="","Missing in CRM",IF(J73=K73,"Match","Mismatch"))) -> Match | W73: =IF(M73="","No D&B match",IF(L73="","Missing in CRM",IF(L73=M73,"Match","Mismatch"))) -> Match | X73: =COUNTIF(U73:W73,"<>Match")+IF(T73="past closed",1,0) -> 2 | Y73: =IF(X73=0,"Clean","Review") -> Review
A74: 001SYN000073 | B74: 006SYN000000073 | C74: BR | D74: LATAM | E74: 12/Core-Adv-Omni/264K/Wexley | F74: Owner LA01 | G74: Wexley Foods Ltda | H74: Wexley Foods Ltda Group | I74: eCommerce | J74: 5961 | K74: 5961 | L74: 814141896 | M74: 814141896 | N74: Solution presentation | O74: 45401 | P74: 45664 | Q74: Q1-2025 | R74: 264000 | S74: =IF(N74="Closed Won","",P74-ReportDate) -> -191 | T74: =IF(N74="Closed Won","closed",IF(S74<0,"past closed",IF(S74<=10,"update","on track"))) -> past closed | U74: =IF(H74="","No D&B match",IF(TRIM(G74)=TRIM(H74),"Match","Mismatch")) -> Mismatch | V74: =IF(K74="","No D&B match",IF(J74="","Missing in CRM",IF(J74=K74,"Match","Mismatch"))) -> Match | W74: =IF(M74="","No D&B match",IF(L74="","Missing in CRM",IF(L74=M74,"Match","Mismatch"))) -> Match | X74: =COUNTIF(U74:W74,"<>Match")+IF(T74="past closed",1,0) -> 2 | Y74: =IF(X74=0,"Clean","Review") -> Review
A75: 001SYN000074 | B75: 006SYN000000074 | C75: DE | D75: MEE | E75: 24/Core-Adv-Omni/38K/Fairlie | F75: Owner ME05 | G75: Fairlie Wine GmbH | H75: Fairlie Wine GmbH & Co. KG | I75: Financial Services | J75: 6022 | K75: 6022 | L75: 816377964 | M75: 816377964 | N75: Closed Won | O75: 45471 | P75: 45571 | Q75: Q4-2024 | R75: 38400 | S75: =IF(N75="Closed Won","",P75-ReportDate) | T75: =IF(N75="Closed Won","closed",IF(S75<0,"past closed",IF(S75<=10,"update","on track"))) -> closed | U75: =IF(H75="","No D&B match",IF(TRIM(G75)=TRIM(H75),"Match","Mismatch")) -> Mismatch | V75: =IF(K75="","No D&B match",IF(J75="","Missing in CRM",IF(J75=K75,"Match","Mismatch"))) -> Match | W75: =IF(M75="","No D&B match",IF(L75="","Missing in CRM",IF(L75=M75,"Match","Mismatch"))) -> Match | X75: =COUNTIF(U75:W75,"<>Match")+IF(T75="past closed",1,0) -> 1 | Y75: =IF(X75=0,"Clean","Review") -> Review
A76: 001SYN000075 | B76: 006SYN000000075 | C76: CH | D76: MEE | E76: 36/Essentials+Mob/90K/Vesta | F76: Owner ME04 | G76: Vesta Living AG | H76: Vesta Living AG | I76: Travel & Hospitality | J76: 7011 | K76: 7011 | L76: 752575018 | M76: 752575018 | N76: Closed Won | O76: 45800 | P76: 45848 | Q76: Q3-2025 | R76: 90000 | S76: =IF(N76="Closed Won","",P76-ReportDate) | T76: =IF(N76="Closed Won","closed",IF(S76<0,"past closed",IF(S76<=10,"update","on track"))) -> closed | U76: =IF(H76="","No D&B match",IF(TRIM(G76)=TRIM(H76),"Match","Mismatch")) -> Match | V76: =IF(K76="","No D&B match",IF(J76="","Missing in CRM",IF(J76=K76,"Match","Mismatch"))) -> Match | W76: =IF(M76="","No D&B match",IF(L76="","Missing in CRM",IF(L76=M76,"Match","Mismatch"))) -> Match | X76: =COUNTIF(U76:W76,"<>Match")+IF(T76="past closed",1,0) -> 0 | Y76: =IF(X76=0,"Clean","Review") -> Clean
A77: 001SYN000076 | B77: 006SYN000000076 | C77: CH | D77: MEE | E77: 12/Core+Ecom+Omni/81K/Redfern | F77: Owner ME06 | G77: Redfern Sport AG | H77: Redfern Sport AG | I77: Media | J77: 4841 | K77: 4841 | L77: 566350899 | M77: 566350899 | N77: Business chemistry & scoping | O77: 45561 | P77: 45855 | Q77: Q3-2025 | R77: 81200 | S77: =IF(N77="Closed Won","",P77-ReportDate) -> 0 | T77: =IF(N77="Closed Won","closed",IF(S77<0,"past closed",IF(S77<=10,"update","on track"))) -> update | U77: =IF(H77="","No D&B match",IF(TRIM(G77)=TRIM(H77),"Match","Mismatch")) -> Match | V77: =IF(K77="","No D&B match",IF(J77="","Missing in CRM",IF(J77=K77,"Match","Mismatch"))) -> Match | W77: =IF(M77="","No D&B match",IF(L77="","Missing in CRM",IF(L77=M77,"Match","Mismatch"))) -> Match | X77: =COUNTIF(U77:W77,"<>Match")+IF(T77="past closed",1,0) -> 0 | Y77: =IF(X77=0,"Clean","Review") -> Clean
A78: 001SYN000077 | B78: 006SYN000000077 | C78: US | D78: NA | E78: 36/Core+Ecom/21K/Marlow | F78: Owner NA02 | G78: Marlow Optics Inc. | H78: Marlow Optics Inc. | I78: Healthcare | J78: 8062 | K78: 8062 | L78: 885543123 | M78: 885543123 | N78: Commercial agreement | O78: 45800 | P78: 45957 | Q78: Q4-2025 | R78: 21200 | S78: =IF(N78="Closed Won","",P78-ReportDate) -> 102 | T78: =IF(N78="Closed Won","closed",IF(S78<0,"past closed",IF(S78<=10,"update","on track"))) -> on track | U78: =IF(H78="","No D&B match",IF(TRIM(G78)=TRIM(H78),"Match","Mismatch")) -> Match | V78: =IF(K78="","No D&B match",IF(J78="","Missing in CRM",IF(J78=K78,"Match","Mismatch"))) -> Match | W78: =IF(M78="","No D&B match",IF(L78="","Missing in CRM",IF(L78=M78,"Match","Mismatch"))) -> Match | X78: =COUNTIF(U78:W78,"<>Match")+IF(T78="past closed",1,0) -> 0 | Y78: =IF(X78=0,"Clean","Review") -> Clean
A79: 001SYN000078 | B79: 006SYN000000078 | C79: IE | D79: EMEA NORTH | E79: 12/Essentials+Mob/27K/Holloway | F79: Owner EN01 | G79: Holloway Beauty Ltd | H79: Holloway Beauty Limited | I79: Automotive | J79: 5511 | K79: 5511 | L79: 706084646 | M79: 706084646 | N79: Solution presentation | O79: 45397 | P79: 45457 | Q79: Q2-2024 | R79: 27400 | S79: =IF(N79="Closed Won","",P79-ReportDate) -> -398 | T79: =IF(N79="Closed Won","closed",IF(S79<0,"past closed",IF(S79<=10,"update","on track"))) -> past closed | U79: =IF(H79="","No D&B match",IF(TRIM(G79)=TRIM(H79),"Match","Mismatch")) -> Mismatch | V79: =IF(K79="","No D&B match",IF(J79="","Missing in CRM",IF(J79=K79,"Match","Mismatch"))) -> Match | W79: =IF(M79="","No D&B match",IF(L79="","Missing in CRM",IF(L79=M79,"Match","Mismatch"))) -> Match | X79: =COUNTIF(U79:W79,"<>Match")+IF(T79="past closed",1,0) -> 2 | Y79: =IF(X79=0,"Clean","Review") -> Review
A80: 001SYN000079 | B80: 006SYN000000079 | C80: PL | D80: MEE | E80: 36/Core+Ecom/84K/Juniper | F80: Owner ME07 | G80: Juniper Brands Sp. z o.o. | H80: Juniper Brands Sp. z o.o. | I80: Financial Services | J80: 6022 | K80: 6022 | L80: 936151348 | M80: 936151348 | N80: Business chemistry & scoping | O80: 45335 | P80: 45480 | Q80: Q3-2024 | R80: 84500 | S80: =IF(N80="Closed Won","",P80-ReportDate) -> -375 | T80: =IF(N80="Closed Won","closed",IF(S80<0,"past closed",IF(S80<=10,"update","on track"))) -> past closed | U80: =IF(H80="","No D&B match",IF(TRIM(G80)=TRIM(H80),"Match","Mismatch")) -> Match | V80: =IF(K80="","No D&B match",IF(J80="","Missing in CRM",IF(J80=K80,"Match","Mismatch"))) -> Match | W80: =IF(M80="","No D&B match",IF(L80="","Missing in CRM",IF(L80=M80,"Match","Mismatch"))) -> Match | X80: =COUNTIF(U80:W80,"<>Match")+IF(T80="past closed",1,0) -> 1 | Y80: =IF(X80=0,"Clean","Review") -> Review
A81: 001SYN000080 | B81: 006SYN000000080 | C81: AE | D81: EMEA SOUTH | E81: 24/Core+Ecom+Omni/241K/Linden | F81: Owner ES03 | G81: Linden Travel LLC | H81: Linden Travel LLC | I81: Retail | J81: 5999 | K81: 5999 | L81: 977470354 | M81: 977470354 | N81: Solution presentation | O81: 45456 | P81: 45576 | Q81: Q4-2024 | R81: 241600 | S81: =IF(N81="Closed Won","",P81-ReportDate) -> -279 | T81: =IF(N81="Closed Won","closed",IF(S81<0,"past closed",IF(S81<=10,"update","on track"))) -> past closed | U81: =IF(H81="","No D&B match",IF(TRIM(G81)=TRIM(H81),"Match","Mismatch")) -> Match | V81: =IF(K81="","No D&B match",IF(J81="","Missing in CRM",IF(J81=K81,"Match","Mismatch"))) -> Match | W81: =IF(M81="","No D&B match",IF(L81="","Missing in CRM",IF(L81=M81,"Match","Mismatch"))) -> Match | X81: =COUNTIF(U81:W81,"<>Match")+IF(T81="past closed",1,0) -> 1 | Y81: =IF(X81=0,"Clean","Review") -> Review
A82: 001SYN000081 | B82: 006SYN000000081 | C82: ES | D82: EMEA SOUTH | E82: 24/Core+Ecom/247K/Elstree | F82: Owner ES05 | G82: Elstree Fashion S.L. | H82: Elstree Fashion S.L. | I82: Media | J82: 5999 | K82: 4841 | L82: 366072216 | M82: 826326463 | N82: Tech agreement | O82: 45782 | P82: 45893 | Q82: Q3-2025 | R82: 247800 | S82: =IF(N82="Closed Won","",P82-ReportDate) -> 38 | T82: =IF(N82="Closed Won","closed",IF(S82<0,"past closed",IF(S82<=10,"update","on track"))) -> on track | U82: =IF(H82="","No D&B match",IF(TRIM(G82)=TRIM(H82),"Match","Mismatch")) -> Match | V82: =IF(K82="","No D&B match",IF(J82="","Missing in CRM",IF(J82=K82,"Match","Mismatch"))) -> Mismatch | W82: =IF(M82="","No D&B match",IF(L82="","Missing in CRM",IF(L82=M82,"Match","Mismatch"))) -> Mismatch | X82: =COUNTIF(U82:W82,"<>Match")+IF(T82="past closed",1,0) -> 2 | Y82: =IF(X82=0,"Clean","Review") -> Review
A83: 001SYN000082 | B83: 006SYN000000082 | C83: NL | D83: EMEA NORTH | E83: 12/Essentials+Mob/226K/Oriel | F83: Owner EN06 | G83: Oriel Fashion B.V. | H83: Oriel Fashion B.V. | I83: eCommerce | J83: 5511 | K83: 5961 | L83: 975162693 | M83: 369213329 | N83: Tech agreement | O83: 45433 | P83: 45589 | Q83: Q4-2024 | R83: 226400 | S83: =IF(N83="Closed Won","",P83-ReportDate) -> -266 | T83: =IF(N83="Closed Won","closed",IF(S83<0,"past closed",IF(S83<=10,"update","on track"))) -> past closed | U83: =IF(H83="","No D&B match",IF(TRIM(G83)=TRIM(H83),"Match","Mismatch")) -> Match | V83: =IF(K83="","No D&B match",IF(J83="","Missing in CRM",IF(J83=K83,"Match","Mismatch"))) -> Mismatch | W83: =IF(M83="","No D&B match",IF(L83="","Missing in CRM",IF(L83=M83,"Match","Mismatch"))) -> Mismatch | X83: =COUNTIF(U83:W83,"<>Match")+IF(T83="past closed",1,0) -> 3 | Y83: =IF(X83=0,"Clean","Review") -> Review
A84: 001SYN000001 | B84: 006SYN000000083 | C84: TR | D84: EMEA SOUTH | E84: 12/Core+Ecom+Omni/40K/Oriel | F84: Owner ES01 | G84: Holloway Travel A.S. | H84: Holloway Travel A.S. | I84: Media | J84: 4841 | K84: 4841 | L84: 343350125 | M84: 343350125 | N84: Business chemistry & scoping | O84: 45449 | P84: 45669 | Q84: Q1-2025 | R84: 40300 | S84: =IF(N84="Closed Won","",P84-ReportDate) -> -186 | T84: =IF(N84="Closed Won","closed",IF(S84<0,"past closed",IF(S84<=10,"update","on track"))) -> past closed | U84: =IF(H84="","No D&B match",IF(TRIM(G84)=TRIM(H84),"Match","Mismatch")) -> Match | V84: =IF(K84="","No D&B match",IF(J84="","Missing in CRM",IF(J84=K84,"Match","Mismatch"))) -> Match | W84: =IF(M84="","No D&B match",IF(L84="","Missing in CRM",IF(L84=M84,"Match","Mismatch"))) -> Match | X84: =COUNTIF(U84:W84,"<>Match")+IF(T84="past closed",1,0) -> 1 | Y84: =IF(X84=0,"Clean","Review") -> Review
A85: 001SYN000084 | B85: 006SYN000000084 | C85: UK | D85: EMEA NORTH | E85: 24/Core+Omni/258K/Larch | F85: Owner EN05 | G85: Larch Home Ltd | H85: Larch Home Ltd | I85: Retail | K85: 5999 | M85: 187547571 | N85: Solution presentation | O85: 45582 | P85: 45737 | Q85: Q1-2025 | R85: 258800 | S85: =IF(N85="Closed Won","",P85-ReportDate) -> -118 | T85: =IF(N85="Closed Won","closed",IF(S85<0,"past closed",IF(S85<=10,"update","on track"))) -> past closed | U85: =IF(H85="","No D&B match",IF(TRIM(G85)=TRIM(H85),"Match","Mismatch")) -> Match | V85: =IF(K85="","No D&B match",IF(J85="","Missing in CRM",IF(J85=K85,"Match","Mismatch"))) -> Missing in CRM | W85: =IF(M85="","No D&B match",IF(L85="","Missing in CRM",IF(L85=M85,"Match","Mismatch"))) -> Missing in CRM | X85: =COUNTIF(U85:W85,"<>Match")+IF(T85="past closed",1,0) -> 3 | Y85: =IF(X85=0,"Clean","Review") -> Review
A86: 001SYN000085 | B86: 006SYN000000085 | C86: FR | D86: EMEA SOUTH | E86: 24/Core+Omni/66K/Larch | F86: Owner ES01 | G86: Larch Outdoor SAS | H86: Larch Outdoor SAS | I86: Healthcare | J86: 8062 | K86: 8062 | L86: 455611371 | M86: 455611371 | N86: Closed Won | O86: 45679 | P86: 45745 | Q86: Q1-2025 | R86: 66700 | S86: =IF(N86="Closed Won","",P86-ReportDate) | T86: =IF(N86="Closed Won","closed",IF(S86<0,"past closed",IF(S86<=10,"update","on track"))) -> closed | U86: =IF(H86="","No D&B match",IF(TRIM(G86)=TRIM(H86),"Match","Mismatch")) -> Match | V86: =IF(K86="","No D&B match",IF(J86="","Missing in CRM",IF(J86=K86,"Match","Mismatch"))) -> Match | W86: =IF(M86="","No D&B match",IF(L86="","Missing in CRM",IF(L86=M86,"Match","Mismatch"))) -> Match | X86: =COUNTIF(U86:W86,"<>Match")+IF(T86="past closed",1,0) -> 0 | Y86: =IF(X86=0,"Clean","Review") -> Clean
A87: 001SYN000086 | B87: 006SYN000000086 | C87: US | D87: NA | E87: 12/Core+Ecom/462K/Marlow | F87: Owner NA03 | G87: Marlow Sport Inc. | H87: Marlow Sport Inc. | I87: Consumer Products | J87: 5122 | K87: 5122 | L87: 108381397 | M87: 108381397 | N87: Business chemistry & scoping | O87: 45515 | P87: 45768 | Q87: Q2-2025 | R87: 462500 | S87: =IF(N87="Closed Won","",P87-ReportDate) -> -87 | T87: =IF(N87="Closed Won","closed",IF(S87<0,"past closed",IF(S87<=10,"update","on track"))) -> past closed | U87: =IF(H87="","No D&B match",IF(TRIM(G87)=TRIM(H87),"Match","Mismatch")) -> Match | V87: =IF(K87="","No D&B match",IF(J87="","Missing in CRM",IF(J87=K87,"Match","Mismatch"))) -> Match | W87: =IF(M87="","No D&B match",IF(L87="","Missing in CRM",IF(L87=M87,"Match","Mismatch"))) -> Match | X87: =COUNTIF(U87:W87,"<>Match")+IF(T87="past closed",1,0) -> 1 | Y87: =IF(X87=0,"Clean","Review") -> Review
A88: 001SYN000087 | B88: 006SYN000000087 | C88: CA | D88: NA | E88: 12/Core+Ecom/168K/Arden | F88: Owner NA03 | G88: Arden Fashion Inc. | H88: Arden Fashion Inc. | I88: Media | J88: 4841 | K88: 4841 | L88: 924227934 | M88: 924227934 | N88: Business chemistry & scoping | O88: 45788 | P88: 45951 | Q88: Q4-2025 | R88: 168300 | S88: =IF(N88="Closed Won","",P88-ReportDate) -> 96 | T88: =IF(N88="Closed Won","closed",IF(S88<0,"past closed",IF(S88<=10,"update","on track"))) -> on track | U88: =IF(H88="","No D&B match",IF(TRIM(G88)=TRIM(H88),"Match","Mismatch")) -> Match | V88: =IF(K88="","No D&B match",IF(J88="","Missing in CRM",IF(J88=K88,"Match","Mismatch"))) -> Match | W88: =IF(M88="","No D&B match",IF(L88="","Missing in CRM",IF(L88=M88,"Match","Mismatch"))) -> Match | X88: =COUNTIF(U88:W88,"<>Match")+IF(T88="past closed",1,0) -> 0 | Y88: =IF(X88=0,"Clean","Review") -> Clean
A89: 001SYN000088 | B89: 006SYN000000088 | C89: HK | D89: GCN | E89: 24/Essentials+Mob/24K/Corvale | F89: Owner GC02 | G89: Corvale Brands Limited | H89: Corvale Brands Limited | I89: Automotive | J89: 5511 | K89: 5511 | L89: 688141263 | M89: 688141263 | N89: Solution presentation | O89: 45785 | P89: 45987 | Q89: Q4-2025 | R89: 24700 | S89: =IF(N89="Closed Won","",P89-ReportDate) -> 132 | T89: =IF(N89="Closed Won","closed",IF(S89<0,"past closed",IF(S89<=10,"update","on track"))) -> on track | U89: =IF(H89="","No D&B match",IF(TRIM(G89)=TRIM(H89),"Match","Mismatch")) -> Match | V89: =IF(K89="","No D&B match",IF(J89="","Missing in CRM",IF(J89=K89,"Match","Mismatch"))) -> Match | W89: =IF(M89="","No D&B match",IF(L89="","Missing in CRM",IF(L89=M89,"Match","Mismatch"))) -> Match | X89: =COUNTIF(U89:W89,"<>Match")+IF(T89="past closed",1,0) -> 0 | Y89: =IF(X89=0,"Clean","Review") -> Clean
A90: 001SYN000089 | B90: 006SYN000000089 | C90: IE | D90: EMEA NORTH | E90: 24/Core+Ecom/305K/Calder | F90: Owner EN04 | G90: Calder Brands Ltd | H90: Calder Brands Ltd | I90: Travel & Hospitality | J90: 6022 | K90: 7011 | L90: 288017706 | M90: 901576821 | N90: Solution presentation | O90: 45733 | P90: 45959 | Q90: Q4-2025 | R90: 305200 | S90: =IF(N90="Closed Won","",P90-ReportDate) -> 104 | T90: =IF(N90="Closed Won","closed",IF(S90<0,"past closed",IF(S90<=10,"update","on track"))) -> on track | U90: =IF(H90="","No D&B match",IF(TRIM(G90)=TRIM(H90),"Match","Mismatch")) -> Match | V90: =IF(K90="","No D&B match",IF(J90="","Missing in CRM",IF(J90=K90,"Match","Mismatch"))) -> Mismatch | W90: =IF(M90="","No D&B match",IF(L90="","Missing in CRM",IF(L90=M90,"Match","Mismatch"))) -> Mismatch | X90: =COUNTIF(U90:W90,"<>Match")+IF(T90="past closed",1,0) -> 2 | Y90: =IF(X90=0,"Clean","Review") -> Review
A91: 001SYN000090 | B91: 006SYN000000090 | C91: TR | D91: EMEA SOUTH | E91: 12/Core+Omni/448K/Brook | F91: Owner ES02 | G91: Brook Home A.S. | H91: Brook Home A.S. | I91: Retail | K91: 5999 | M91: 711827141 | N91: Solution presentation | O91: 45336 | P91: 45507 | Q91: Q3-2024 | R91: 448900 | S91: =IF(N91="Closed Won","",P91-ReportDate) -> -348 | T91: =IF(N91="Closed Won","closed",IF(S91<0,"past closed",IF(S91<=10,"update","on track"))) -> past closed | U91: =IF(H91="","No D&B match",IF(TRIM(G91)=TRIM(H91),"Match","Mismatch")) -> Match | V91: =IF(K91="","No D&B match",IF(J91="","Missing in CRM",IF(J91=K91,"Match","Mismatch"))) -> Missing in CRM | W91: =IF(M91="","No D&B match",IF(L91="","Missing in CRM",IF(L91=M91,"Match","Mismatch"))) -> Missing in CRM | X91: =COUNTIF(U91:W91,"<>Match")+IF(T91="past closed",1,0) -> 3 | Y91: =IF(X91=0,"Clean","Review") -> Review
A92: 001SYN000091 | B92: 006SYN000000091 | C92: FR | D92: EMEA SOUTH | E92: 36/Essentials+Mob/274K/Calder | F92: Owner ES03 | G92: Calder Optics SAS | H92: Calder Optics SAS | I92: Media | J92: 4841 | K92: 4841 | L92: 732586408 | M92: 732586408 | N92: Closed Won | O92: 45438 | P92: 45658 | Q92: Q1-2025 | R92: 274900 | S92: =IF(N92="Closed Won","",P92-ReportDate) | T92: =IF(N92="Closed Won","closed",IF(S92<0,"past closed",IF(S92<=10,"update","on track"))) -> closed | U92: =IF(H92="","No D&B match",IF(TRIM(G92)=TRIM(H92),"Match","Mismatch")) -> Match | V92: =IF(K92="","No D&B match",IF(J92="","Missing in CRM",IF(J92=K92,"Match","Mismatch"))) -> Match | W92: =IF(M92="","No D&B match",IF(L92="","Missing in CRM",IF(L92=M92,"Match","Mismatch"))) -> Match | X92: =COUNTIF(U92:W92,"<>Match")+IF(T92="past closed",1,0) -> 0 | Y92: =IF(X92=0,"Clean","Review") -> Clean
A93: 001SYN000092 | B93: 006SYN000000092 | C93: CA | D93: NA | E93: 36/Core+Loyalty/58K/Alder | F93: Owner NA03 | G93: Alder Pharma Inc. | H93: Alder Pharma Inc. | I93: Retail | J93: 5999 | K93: 5999 | L93: 728622628 | M93: 728622628 | N93: Tech agreement | O93: 45392 | P93: 45612 | Q93: Q4-2024 | R93: 58000 | S93: =IF(N93="Closed Won","",P93-ReportDate) -> -243 | T93: =IF(N93="Closed Won","closed",IF(S93<0,"past closed",IF(S93<=10,"update","on track"))) -> past closed | U93: =IF(H93="","No D&B match",IF(TRIM(G93)=TRIM(H93),"Match","Mismatch")) -> Match | V93: =IF(K93="","No D&B match",IF(J93="","Missing in CRM",IF(J93=K93,"Match","Mismatch"))) -> Match | W93: =IF(M93="","No D&B match",IF(L93="","Missing in CRM",IF(L93=M93,"Match","Mismatch"))) -> Match | X93: =COUNTIF(U93:W93,"<>Match")+IF(T93="past closed",1,0) -> 1 | Y93: =IF(X93=0,"Clean","Review") -> Review
A94: 001SYN000093 | B94: 006SYN000000093 | C94: AT | D94: MEE | E94: 36/Core+Ecom/412K/Brook | F94: Owner ME01 | G94: Brook Optics GmbH | H94: Brook Optics GmbH | I94: Retail | J94: 5999 | K94: 5999 | L94: 611262949 | M94: 611262949 | N94: Business chemistry & scoping | O94: 45396 | P94: 45626 | Q94: Q4-2024 | R94: 412000 | S94: =IF(N94="Closed Won","",P94-ReportDate) -> -229 | T94: =IF(N94="Closed Won","closed",IF(S94<0,"past closed",IF(S94<=10,"update","on track"))) -> past closed | U94: =IF(H94="","No D&B match",IF(TRIM(G94)=TRIM(H94),"Match","Mismatch")) -> Match | V94: =IF(K94="","No D&B match",IF(J94="","Missing in CRM",IF(J94=K94,"Match","Mismatch"))) -> Match | W94: =IF(M94="","No D&B match",IF(L94="","Missing in CRM",IF(L94=M94,"Match","Mismatch"))) -> Match | X94: =COUNTIF(U94:W94,"<>Match")+IF(T94="past closed",1,0) -> 1 | Y94: =IF(X94=0,"Clean","Review") -> Review
A95: 001SYN000094 | B95: 006SYN000000094 | C95: FR | D95: EMEA SOUTH | E95: 24/Core+Omni/194K/Marlow | F95: Owner ES05 | G95: Marlow Outdoor SAS | I95: Media | N95: Commercial agreement | O95: 45637 | P95: 45688 | Q95: Q1-2025 | R95: 194900 | S95: =IF(N95="Closed Won","",P95-ReportDate) -> -167 | T95: =IF(N95="Closed Won","closed",IF(S95<0,"past closed",IF(S95<=10,"update","on track"))) -> past closed | U95: =IF(H95="","No D&B match",IF(TRIM(G95)=TRIM(H95),"Match","Mismatch")) -> No D&B match | V95: =IF(K95="","No D&B match",IF(J95="","Missing in CRM",IF(J95=K95,"Match","Mismatch"))) -> No D&B match | W95: =IF(M95="","No D&B match",IF(L95="","Missing in CRM",IF(L95=M95,"Match","Mismatch"))) -> No D&B match | X95: =COUNTIF(U95:W95,"<>Match")+IF(T95="past closed",1,0) -> 4 | Y95: =IF(X95=0,"Clean","Review") -> Review
A96: 001SYN000095 | B96: 006SYN000000095 | C96: CH | D96: MEE | E96: 12/Core+Omni/49K/Juniper | F96: Owner ME06 | G96: Juniper Foods AG | H96: Juniper Foods AG | I96: Media | J96: 4841 | K96: 4841 | L96: 429073795 | M96: 429073795 | N96: Closed Won | O96: 45763 | P96: 45806 | Q96: Q2-2025 | R96: 49900 | S96: =IF(N96="Closed Won","",P96-ReportDate) | T96: =IF(N96="Closed Won","closed",IF(S96<0,"past closed",IF(S96<=10,"update","on track"))) -> closed | U96: =IF(H96="","No D&B match",IF(TRIM(G96)=TRIM(H96),"Match","Mismatch")) -> Match | V96: =IF(K96="","No D&B match",IF(J96="","Missing in CRM",IF(J96=K96,"Match","Mismatch"))) -> Match | W96: =IF(M96="","No D&B match",IF(L96="","Missing in CRM",IF(L96=M96,"Match","Mismatch"))) -> Match | X96: =COUNTIF(U96:W96,"<>Match")+IF(T96="past closed",1,0) -> 0 | Y96: =IF(X96=0,"Clean","Review") -> Clean
A97: 001SYN000096 | B97: 006SYN000000096 | C97: CZ | D97: MEE | E97: 24/Core+Ecom+Omni/83K/Corvale | F97: Owner ME07 | G97: Corvale Home s.r.o. | I97: Healthcare | N97: Commercial agreement | O97: 45787 | P97: 45849 | Q97: Q3-2025 | R97: 83600 | S97: =IF(N97="Closed Won","",P97-ReportDate) -> -6 | T97: =IF(N97="Closed Won","closed",IF(S97<0,"past closed",IF(S97<=10,"update","on track"))) -> past closed | U97: =IF(H97="","No D&B match",IF(TRIM(G97)=TRIM(H97),"Match","Mismatch")) -> No D&B match | V97: =IF(K97="","No D&B match",IF(J97="","Missing in CRM",IF(J97=K97,"Match","Mismatch"))) -> No D&B match | W97: =IF(M97="","No D&B match",IF(L97="","Missing in CRM",IF(L97=M97,"Match","Mismatch"))) -> No D&B match | X97: =COUNTIF(U97:W97,"<>Match")+IF(T97="past closed",1,0) -> 4 | Y97: =IF(X97=0,"Clean","Review") -> Review
A98: 001SYN000097 | B98: 006SYN000000097 | C98: TR | D98: EMEA SOUTH | E98: 36/Essentials+Mob/50K/Oriel | F98: Owner ES01 | G98: Oriel Home A.S. | H98: Oriel Home A.S. | I98: Media | J98: 4841 | K98: 4841 | L98: 948070770 | M98: 948070770 | N98: Commercial agreement | O98: 45783 | P98: 45916 | Q98: Q3-2025 | R98: 50500 | S98: =IF(N98="Closed Won","",P98-ReportDate) -> 61 | T98: =IF(N98="Closed Won","closed",IF(S98<0,"past closed",IF(S98<=10,"update","on track"))) -> on track | U98: =IF(H98="","No D&B match",IF(TRIM(G98)=TRIM(H98),"Match","Mismatch")) -> Match | V98: =IF(K98="","No D&B match",IF(J98="","Missing in CRM",IF(J98=K98,"Match","Mismatch"))) -> Match | W98: =IF(M98="","No D&B match",IF(L98="","Missing in CRM",IF(L98=M98,"Match","Mismatch"))) -> Match | X98: =COUNTIF(U98:W98,"<>Match")+IF(T98="past closed",1,0) -> 0 | Y98: =IF(X98=0,"Clean","Review") -> Clean
A99: 001SYN000098 | B99: 006SYN000000098 | C99: DK | D99: EMEA NORTH | E99: 24/Core-Adv-Omni/27K/Halden | F99: Owner EN07 | G99: Halden Living A/S | H99: Halden Living A/S Group | I99: Consumer Products | J99: 5122 | K99: 5122 | L99: 353406823 | M99: 353406823 | N99: Business chemistry & scoping | O99: 45549 | P99: 45644 | Q99: Q4-2024 | R99: 27200 | S99: =IF(N99="Closed Won","",P99-ReportDate) -> -211 | T99: =IF(N99="Closed Won","closed",IF(S99<0,"past closed",IF(S99<=10,"update","on track"))) -> past closed | U99: =IF(H99="","No D&B match",IF(TRIM(G99)=TRIM(H99),"Match","Mismatch")) -> Mismatch | V99: =IF(K99="","No D&B match",IF(J99="","Missing in CRM",IF(J99=K99,"Match","Mismatch"))) -> Match | W99: =IF(M99="","No D&B match",IF(L99="","Missing in CRM",IF(L99=M99,"Match","Mismatch"))) -> Match | X99: =COUNTIF(U99:W99,"<>Match")+IF(T99="past closed",1,0) -> 2 | Y99: =IF(X99=0,"Clean","Review") -> Review
A100: 001SYN000099 | B100: 006SYN000000099 | C100: PL | D100: MEE | E100: 24/Core-Adv-Omni/163K/Redfern | F100: Owner ME01 | G100: Redfern Beauty Sp. z o.o. | I100: Retail | N100: Business chemistry & scoping | O100: 45496 | P100: 45605 | Q100: Q4-2024 | R100: 163700 | S100: =IF(N100="Closed Won","",P100-ReportDate) -> -250 | T100: =IF(N100="Closed Won","closed",IF(S100<0,"past closed",IF(S100<=10,"update","on track"))) -> past closed | U100: =IF(H100="","No D&B match",IF(TRIM(G100)=TRIM(H100),"Match","Mismatch")) -> No D&B match | V100: =IF(K100="","No D&B match",IF(J100="","Missing in CRM",IF(J100=K100,"Match","Mismatch"))) -> No D&B match | W100: =IF(M100="","No D&B match",IF(L100="","Missing in CRM",IF(L100=M100,"Match","Mismatch"))) -> No D&B match | X100: =COUNTIF(U100:W100,"<>Match")+IF(T100="past closed",1,0) -> 4 | Y100: =IF(X100=0,"Clean","Review") -> Review
...

Sheet Refresh Directions
A1: Refresh directions
A2: The routine written for the next owner of the file
A4: 1 | B4: Open the Rolling Pipeline tab and use Data > Refresh All. This pulls the latest new business opportunities for the rolling four quarters.
A5: 2 | B5: Check new rows have arrived: look for recent created dates and Opportunity IDs flagged New in column N.
A6: 3 | B6: The D&B lookup in column M matches each Opportunity ID to the account name already validated in Pipeline Compliance.
A7: 4 | B7: Copy every row flagged New into the Pipeline Compliance table and add its D&B name, SIC and DUNS from Hoovers.
A8: 5 | B8: Work the checks in columns U to W and the close date range in column T. Filter Audit status to Review.
A9: 6 | B9: Update the report date on Audit Summary, then read the regional summary before sending.
